name,id,home,team,pos,defense_ast,defense_ffum,defense_int,defense_sk,defense_tkl,fumbles_lost,fumbles_rcv,fumbles_tot,fumbles_trcv,fumbles_yds,kicking_fga,kicking_fgm,kicking_fgyds,kicking_totpfg,kicking_xpa,kicking_xpb,kicking_xpmade,kicking_xpmissed,kicking_xptot,kickret_avg,kickret_lng,kickret_lngtd,kickret_ret,kickret_tds,passing_att,passing_cmp,passing_ints,passing_tds,passing_twopta,passing_twoptm,passing_yds,punting_avg,punting_i20,punting_lng,punting_pts,punting_yds,puntret_avg,puntret_lng,puntret_lngtd,puntret_ret,puntret_tds,receiving_lng,receiving_lngtd,receiving_rec,receiving_tds,receiving_twopta,receiving_twoptm,receiving_yds,rushing_att,rushing_lng,rushing_lngtd,rushing_tds,rushing_twopta,rushing_twoptm,rushing_yds
M.Glennon,00-0030520,yes,TB,QB,,,,,,0,2,0,2,0,,,,,,,,,,,,,,,51,30,0,1,0,0,275,,,,,,,,,,,,,,,,,,3,2,0,0,0,0,2
B.Leonard,00-0025439,yes,TB,RB,,,,,,,,,,,,,,,,,,,,,,,,,,,,,,,,,,,,,,,,,,11,0,6,0,0,0,32,1,7,0,0,0,0,7
M.James,00-0030391,yes,TB,RB,,,,,,,,,,,,,,,,,,,,,,,,,,,,,,,,,,,,,,,,,,20,0,4,0,0,0,25,10,15,0,0,0,0,39
S.Dawson,00-0029868,yes,TB,WR,,,,,,,,,,,,,,,,,,,,,,,,,,,,,,,,,,,,,,,,,,9,0,1,0,0,0,9,,,,,,,
E.Page,00-0029098,yes,TB,WR,,,,,,1,0,1,0,0,,,,,,,,,,21,25,0,3,0,,,,,,,,,,,,,2,6,0,3,0,13,0,1,0,0,0,13,,,,,,,
T.Crabtree,00-0026878,yes,TB,TE,,,,,,,,,,,,,,,,,,,,,,,,,,,,,,,,,,,,,,,,,,0,0,1,0,0,0,0,,,,,,,
T.Wright,00-0029910,yes,TB,TE,,,,,,,,,,,,,,,,,,,,,,,,,,,,,,,,,,,,,,,,,,15,10,5,1,0,0,48,,,,,,,
M.Williams,00-0027702,yes,TB,WR,,,,,,,,,,,,,,,,,,,,,,,,,,,,,,,,,,,,,,,,,,12,0,3,0,0,0,20,,,,,,,
E.Lorig,00-0027844,yes,TB,FB,,,,,,,,,,,,,,,,,,,,,,,,,,,,,,,,,,,,,,,,,,2,0,1,0,0,0,2,,,,,,,
T.Underwood,00-0027156,yes,TB,WR,,,,,,,,,,,,,,,,,,,,,,,,,,,,,,,,,,,,,,,,,,24,0,3,0,0,0,47,,,,,,,
V.Jackson,00-0023496,yes,TB,WR,,,,,,,,,,,,,,,,,,,,,,,,,,,,,,,,,,,,,,,,,,29,0,5,0,0,0,79,,,,,,,
T.Larsen,00-0027607,yes,TB,G,,,,,,0,0,2,0,-14,,,,,,,,,,,,,,,,,,,,,,,,,,,,,,,,,,,,,,,,,,,,,
R.Lindell,00-0019310,yes,TB,K,,,,,,,,,,,2,2,48,6,1,0,1,0,1,,,,,,,,,,,,,,,,,,,,,,,,,,,,,,,,,,,,
M.Koenen,00-0023234,yes,TB,P,,,,,,,,,,,,,,,,,,,,,,,,,,,,,,,,42,0,51,5,215,,,,,,,,,,,,,,,,,,,
M.Adams,00-0025668,yes,TB,DB,0,0,0,1,3,,,,,,,,,,,,,,,,,,,,,,,,,,,,,,,,,,,,,,,,,,,,,,,,,,
S.Means,00-0030387,yes,TB,DE,0,0,0,0,1,,,,,,,,,,,,,,,,,,,,,,,,,,,,,,,,,,,,,,,,,,,,,,,,,,
M.Barron,00-0029670,yes,TB,SS,1,0,0,0,6,,,,,,,,,,,,,,,,,,,,,,,,,,,,,,,,,,,,,,,,,,,,,,,,,,
M.Foster,00-0028022,yes,TB,MLB,1,0,0,0,4,,,,,,,,,,,,,,,,,,,,,,,,,,,,,,,,,,,,,,,,,,,,,,,,,,
L.David,00-0029562,yes,TB,OLB,3,0,0,1,9,,,,,,,,,,,,,,,,,,,,,,,,,,,,,,,,,,,,,,,,,,,,,,,,,,
K.McCray,00-0029107,yes,TB,SAF,1,0,0,0,2,,,,,,,,,,,,,,,,,,,,,,,,,,,,,,,,,,,,,,,,,,,,,,,,,,
L.Johnson,00-0029087,yes,TB,CB,0,0,0,0,5,,,,,,,,,,,,,,,,,,,,,,,,,,,,,,,,,,,,,,,,,,,,,,,,,,
K.Tandy,00-0029422,yes,TB,FS,0,0,0,0,4,,,,,,,,,,,,,,,,,,,,,,,,,,,,,,,,,,,,,,,,,,,,,,,,,,
D.Watson,00-0027812,yes,TB,LB,1,0,0,0,1,,,,,,,,,,,,,,,,,,,,,,,,,,,,,,,,,,,,,,,,,,,,,,,,,,
J.Casillas,00-0026832,yes,TB,OLB,1,0,0,0,1,,,,,,,,,,,,,,,,,,,,,,,,,,,,,,,,,,,,,,,,,,,,,,,,,,
A.Clayborn,00-0027958,yes,TB,DE,0,0,0,1,4,,,,,,,,,,,,,,,,,,,,,,,,,,,,,,,,,,,,,,,,,,,,,,,,,,
J.Banks,00-0030469,yes,TB,CB,0,0,0,0,4,,,,,,,,,,,,,,,,,,,,,,,,,,,,,,,,,,,,,,,,,,,,,,,,,,
D.Bowers,00-0027989,yes,TB,DE,0,0,0,0,1,,,,,,,,,,,,,,,,,,,,,,,,,,,,,,,,,,,,,,,,,,,,,,,,,,
G.McCoy,00-0027856,yes,TB,DT,0,0,0,0,1,,,,,,,,,,,,,,,,,,,,,,,,,,,,,,,,,,,,,,,,,,,,,,,,,,
C.Newton,00-0027939,no,CAR,QB,,,,,,,,,,,,,,,,,,,,,,,,,32,23,0,2,0,0,221,,,,,,,,,,,,,,,,,,11,19,6,1,0,0,50
K.Barner,00-0030465,no,CAR,RB,,,,,,,,,,,,,,,,,,,,,,,,,,,,,,,,,,,,,,,,,,2,0,1,0,0,0,2,1,1,0,0,0,0,1
M.Tolbert,00-0026069,no,CAR,FB,,,,,,,,,,,,,,,,,,,,,,,,,,,,,,,,,,,,,,,,,,10,3,4,1,0,0,29,7,22,0,0,0,0,35
De.Williams,00-0024242,no,CAR,RB,,,,,,,,,,,,,,,,,,,,,,,,,,,,,,,,,,,,,,,,,,8,0,1,0,0,0,8,8,12,12,1,0,0,43
D.Hixon,00-0024345,no,CAR,WR,,,,,,,,,,,,,,,,,,,,,,,,,,,,,,,,,,,,,,,,,,4,0,1,0,0,0,4,,,,,,,
B.LaFell,00-0027681,no,CAR,WR,,,,,,,,,,,,,,,,,,,,,,,,,,,,,,,,,,,,,,,,,,13,0,3,0,0,0,23,,,,,,,
S.Smith,00-0020337,no,CAR,WR,,,,,,,,,,,,,,,,,,,,,,,,,,,,,,,,,,,,,,,,,,21,0,4,0,0,0,42,,,,,,,
G.Olsen,00-0025418,no,CAR,TE,,,,,,,,,,,,,,,,,,,,,,,,,,,,,,,,,,,,,,,,,,16,1,3,1,0,0,21,,,,,,,
R.Brockel,00-0027583,no,CAR,TE,,,,,,,,,,,,,,,,,,,,,,,,,,,,,,,,,,,,,,,,,,12,0,1,0,0,0,12,,,,,,,
T.Ginn,00-0025396,no,CAR,WR,,,,,,,,,,,,,,,,,,,,22,23,0,2,0,,,,,,,,,,,,,3,5,0,2,0,35,0,5,0,0,0,80,,,,,,,
C.Jones,00-0028128,no,CAR,DB,,,,,,0,0,0,1,0,,,,,,,,,,,,,,,,,,,,,,,,,,,,,,,,,,,,,,,,,,,,,
G.Gano,00-0026858,no,CAR,K,,,,,,,,,,,1,1,29,3,4,0,4,0,4,,,,,,,,,,,,,,,,,,,,,,,,,,,,,,,,,,,,
B.Nortman,00-0029304,no,CAR,P,,,,,,,,,,,,,,,,,,,,,,,,,,,,,,,,42,3,59,5,216,,,,,,,,,,,,,,,,,,,
C.Munnerlyn,00-0026944,no,CAR,CB,1,0,0,0,5,,,,,,,,,,,,,,,,,,,,,,,,,,,,,,,,,,,,,,,,,,,,,,,,,,
R.Lester,00-0030254,no,CAR,SS,1,0,0,0,2,,,,,,,,,,,,,,,,,,,,,,,,,,,,,,,,,,,,,,,,,,,,,,,,,,
Q.Mikell,00-0021512,no,CAR,SS,0,0,0,0,2,,,,,,,,,,,,,,,,,,,,,,,,,,,,,,,,,,,,,,,,,,,,,,,,,,
L.Kuechly,00-0029248,no,CAR,MLB,3,0,0,0,5,,,,,,,,,,,,,,,,,,,,,,,,,,,,,,,,,,,,,,,,,,,,,,,,,,
D.Florence,00-0021994,no,CAR,CB,0,0,0,0,2,,,,,,,,,,,,,,,,,,,,,,,,,,,,,,,,,,,,,,,,,,,,,,,,,,
C.Johnson,00-0025470,no,CAR,DE,0,0,0,2,2,,,,,,,,,,,,,,,,,,,,,,,,,,,,,,,,,,,,,,,,,,,,,,,,,,
C.Blackburn,00-0023693,no,CAR,OLB,0,0,0,0,1,,,,,,,,,,,,,,,,,,,,,,,,,,,,,,,,,,,,,,,,,,,,,,,,,,
M.White,00-0030259,no,CAR,CB,0,0,0,0,5,,,,,,,,,,,,,,,,,,,,,,,,,,,,,,,,,,,,,,,,,,,,,,,,,,
M.Mitchell,00-0027023,no,CAR,FS,1,0,0,0,4,,,,,,,,,,,,,,,,,,,,,,,,,,,,,,,,,,,,,,,,,,,,,,,,,,
S.Lotulelei,00-0030455,no,CAR,DT,0,0,0,0,3,,,,,,,,,,,,,,,,,,,,,,,,,,,,,,,,,,,,,,,,,,,,,,,,,,
C.Cole,00-0021684,no,CAR,DT,1,0,0,0,1,,,,,,,,,,,,,,,,,,,,,,,,,,,,,,,,,,,,,,,,,,,,,,,,,,
T.Davis,00-0023448,no,CAR,OLB,0,0,0,0,7,,,,,,,,,,,,,,,,,,,,,,,,,,,,,,,,,,,,,,,,,,,,,,,,,,
G.Hardy,00-0027774,no,CAR,DE,0,0,0,1,4,,,,,,,,,,,,,,,,,,,,,,,,,,,,,,,,,,,,,,,,,,,,,,,,,,
K.Short,00-0030448,no,CAR,DT,0,0,0,0,1,,,,,,,,,,,,,,,,,,,,,,,,,,,,,,,,,,,,,,,,,,,,,,,,,,
W.Horton,00-0030251,no,CAR,DE,0,0,0,0,1,,,,,,,,,,,,,,,,,,,,,,,,,,,,,,,,,,,,,,,,,,,,,,,,,,
M.Stafford,00-0026498,yes,DET,QB,,,,,,,,,,,,,,,,,,,,,,,,,48,33,2,1,0,0,488,,,,,,,,,,,,,,,,,,3,8,1,1,0,0,12
T.Riddick,00-0030107,yes,DET,RB,,,,,,,,,,,,,,,,,,,,,,,,,,,,,,,,,,,,,,,,,,7,0,1,0,0,0,7,1,7,0,0,0,0,7
R.Bush,00-0024217,yes,DET,RB,,,,,,1,0,1,0,0,,,,,,,,,,,,,,,,,,,,,,,,,,,,,,,,9,0,8,0,0,0,30,21,17,1,1,0,0,92
J.Bell,00-0027218,yes,DET,RB,,,,,,,,,,,,,,,,,,,,,,,,,,,,,,,,,,,,,,,,,,22,0,1,0,0,0,22,4,16,1,1,0,0,32
K.Durham,00-0028045,yes,DET,WR,,,,,,,,,,,,,,,,,,,,,,,,,,,,,,,,,,,,,,,,,,40,0,4,0,0,0,54,,,,,,,
B.Pettigrew,00-0026996,yes,DET,TE,,,,,,,,,,,,,,,,,,,,,,,,,,,,,,,,,,,,,,,,,,17,0,3,0,0,0,31,,,,,,,
R.Broyles,00-0029209,yes,DET,WR,,,,,,,,,,,,,,,,,,,,,,,,,,,,,,,,,,,,,4,4,0,1,0,8,0,1,0,0,0,8,,,,,,,
J.Ross,00-0028249,yes,DET,WR,,,,,,,,,,,,,,,,,,,,44,44,0,1,0,,,,,,,,,,,,,,,,,,7,0,1,0,0,0,7,,,,,,,
C.Johnson,00-0025389,yes,DET,WR,,,,,,1,0,1,0,0,,,,,,,,,,,,,,,,,,,,,,,,,,,,,,,,87,2,14,1,0,0,329,,,,,,,
D.Akers,00-0000108,yes,DET,K,,,,,,,,,,,1,1,20,3,4,0,4,0,4,,,,,,,,,,,,,,,,,,,,,,,,,,,,,,,,,,,,
S.Martin,00-0030092,yes,DET,P,,,,,,,,,,,,,,,,,,,,,,,,,,,,,,,,40,0,64,4,203,,,,,,,,,,,,,,,,,,,
E.Ansah,00-0030059,yes,DET,DE,0,0,0,0,2,,,,,,,,,,,,,,,,,,,,,,,,,,,,,,,,,,,,,,,,,,,,,,,,,,
L.Delmas,00-0027009,yes,DET,FS,0,0,0,0,1,,,,,,,,,,,,,,,,,,,,,,,,,,,,,,,,,,,,,,,,,,,,,,,,,,
D.Levy,00-0027050,yes,DET,OLB,2,0,0,0,3,,,,,,,,,,,,,,,,,,,,,,,,,,,,,,,,,,,,,,,,,,,,,,,,,,
Tr.Lewis,00-0029217,yes,DET,LB,0,0,0,0,2,,,,,,,,,,,,,,,,,,,,,,,,,,,,,,,,,,,,,,,,,,,,,,,,,,
W.Young,00-0027808,yes,DET,DE,0,0,0,0,3,,,,,,,,,,,,,,,,,,,,,,,,,,,,,,,,,,,,,,,,,,,,,,,,,,
A.Palmer,00-0026635,yes,DET,OLB,1,0,0,0,0,,,,,,,,,,,,,,,,,,,,,,,,,,,,,,,,,,,,,,,,,,,,,,,,,,
C.Houston,00-0025428,yes,DET,CB,0,0,0,0,2,,,,,,,,,,,,,,,,,,,,,,,,,,,,,,,,,,,,,,,,,,,,,,,,,,
N.Fairley,00-0027951,yes,DET,DT,0,0,0,0,2,,,,,,,,,,,,,,,,,,,,,,,,,,,,,,,,,,,,,,,,,,,,,,,,,,
G.Quin,00-0027081,yes,DET,SS,0,0,0,0,2,,,,,,,,,,,,,,,,,,,,,,,,,,,,,,,,,,,,,,,,,,,,,,,,,,
D.Bentley,00-0029265,yes,DET,CB,0,0,0,0,2,,,,,,,,,,,,,,,,,,,,,,,,,,,,,,,,,,,,,,,,,,,,,,,,,,
N.Suh,00-0027855,yes,DET,DT,0,0,0,0,1,,,,,,,,,,,,,,,,,,,,,,,,,,,,,,,,,,,,,,,,,,,,,,,,,,
D.Slay,00-0030062,yes,DET,CB,0,0,0,0,1,,,,,,,,,,,,,,,,,,,,,,,,,,,,,,,,,,,,,,,,,,,,,,,,,,
I.Idonije,00-0021604,yes,DET,DE,1,0,0,0,0,,,,,,,,,,,,,,,,,,,,,,,,,,,,,,,,,,,,,,,,,,,,,,,,,,
R.McIntosh,00-0024250,yes,DET,LB,0,0,0,0,1,,,,,,,,,,,,,,,,,,,,,,,,,,,,,,,,,,,,,,,,,,,,,,,,,,
S.Tulloch,00-0024331,yes,DET,MLB,1,0,0,0,7,,,,,,,,,,,,,,,,,,,,,,,,,,,,,,,,,,,,,,,,,,,,,,,,,,
D.Taylor,00-0030079,yes,DET,DE,0,0,0,0,1,,,,,,,,,,,,,,,,,,,,,,,,,,,,,,,,,,,,,,,,,,,,,,,,,,
R.Mathis,00-0022080,yes,DET,CB,0,0,0,0,3,,,,,,,,,,,,,,,,,,,,,,,,,,,,,,,,,,,,,,,,,,,,,,,,,,
T.Romo,00-0021678,no,DAL,QB,,,,,,,,,,,,,,,,,,,,,,,,,30,14,0,3,0,0,204,,,,,,,,,,,,,,,,,,3,5,0,0,0,0,6
P.Tanner,00-0028613,no,DAL,RB,,,,,,,,,,,,,,,,,,,,,,,,,,,,,,,,,,,,,,,,,,17,0,1,0,0,0,17,2,9,0,0,0,0,8
J.Randle,00-0030388,no,DAL,RB,,,,,,,,,,,,,,,,,,,,,,,,,,,,,,,,,,,,,,,,,,13,0,3,0,0,0,18,14,7,0,0,0,0,26
L.Dunbar,00-0029004,no,DAL,RB,,,,,,,,,,,,,,,,,,,,,,,,,,,,,,,,,,,,,,,,,,,,,,,,,5,6,0,0,0,0,16
T.Williams,00-0030542,no,DAL,WR,,,,,,,,,,,,,,,,,,,,,,,,,,,,,,,,,,,,,,,,,,60,60,2,1,0,0,64,1,5,0,0,0,0,5
D.Bryant,00-0027902,no,DAL,WR,,,,,,,,,,,,,,,,,,,,,,,,,,,,,,,,,,,,,,,,,,50,50,3,2,0,0,72,1,1,0,0,0,0,1
C.Beasley,00-0029000,no,DAL,WR,,,,,,,,,,,,,,,,,,,,,,,,,,,,,,,,,,,,,,,,,,6,0,1,0,0,0,6,,,,,,,
J.Witten,00-0022127,no,DAL,TE,,,,,,,,,,,,,,,,,,,,,,,,,,,,,,,,,,,,,,,,,,13,0,2,0,0,0,15,,,,,,,
J.Hanna,00-0029634,no,DAL,TE,,,,,,,,,,,,,,,,,,,,,,,,,,,,,,,,,,,,,,,,,,11,0,2,0,0,0,12,,,,,,,
J.Durant,00-0025435,no,DAL,OLB,1,0,0,0,0,0,0,0,1,5,,,,,,,,,,,,,,,,,,,,,,,,,,,,,,,,,,,,,,,,,,,,,
B.Carr,00-0026280,no,DAL,CB,2,0,0,0,7,0,0,0,1,21,,,,,,,,,,,,,,,,,,,,,,,,,,,,,,,,,,,,,,,,,,,,,
D.Bailey,00-0028660,no,DAL,K,,,,,,,,,,,3,3,53,9,3,0,3,0,3,,,,,,,,,,,,,,,,,,,,,,,,,,,,,,,,,,,,
C.Jones,00-0028664,no,DAL,P,,,,,,,,,,,,,,,,,,,,,,,,,,,,,,,,38,3,58,7,313,,,,,,,,,,,,,,,,,,,
D.Harris,00-0028114,no,DAL,WR,,,,,,,,,,,,,,,,,,,,37,56,0,3,0,,,,,,,,,,,,,12,17,0,2,0,,,,,,,,,,,,,,
K.Bosworth,00-0027499,no,DAL,,,,,,,,,,,,,,,,,,,,,13,13,0,1,0,,,,,,,,,,,,,,,,,,,,,,,,,,,,,,,
B.Webb,00-0030403,no,DAL,CB,1,0,0,0,2,,,,,,,,,,,,,,,,,,,,,,,,,,,,,,,,,,,,,,,,,,,,,,,,,,
J.Hamilton,00-0030194,no,DAL,DB,1,0,0,0,1,,,,,,,,,,,,,,,,,,,,,,,,,,,,,,,,,,,,,,,,,,,,,,,,,,
M.Claiborne,00-0029676,no,DAL,CB,0,0,0,0,3,,,,,,,,,,,,,,,,,,,,,,,,,,,,,,,,,,,,,,,,,,,,,,,,,,
J.Heath,00-0030196,no,DAL,SS,4,1,0,0,5,,,,,,,,,,,,,,,,,,,,,,,,,,,,,,,,,,,,,,,,,,,,,,,,,,
E.Sims,00-0024224,no,DAL,OLB,1,0,0,0,3,,,,,,,,,,,,,,,,,,,,,,,,,,,,,,,,,,,,,,,,,,,,,,,,,,
O.Scandrick,00-0026283,no,DAL,CB,0,0,0,0,4,,,,,,,,,,,,,,,,,,,,,,,,,,,,,,,,,,,,,,,,,,,,,,,,,,
G.Selvie,00-0027818,no,DAL,DE,1,0,0,0,0,,,,,,,,,,,,,,,,,,,,,,,,,,,,,,,,,,,,,,,,,,,,,,,,,,
B.Church,00-0027416,no,DAL,FS,2,1,0,0,7,,,,,,,,,,,,,,,,,,,,,,,,,,,,,,,,,,,,,,,,,,,,,,,,,,
D.Nevis,00-0028025,no,DAL,DT,1,0,0,0,0,,,,,,,,,,,,,,,,,,,,,,,,,,,,,,,,,,,,,,,,,,,,,,,,,,
K.Wilber,00-0029647,no,DAL,DE,1,0,0,0,2,,,,,,,,,,,,,,,,,,,,,,,,,,,,,,,,,,,,,,,,,,,,,,,,,,
N.Hayden,00-0026321,no,DAL,DT,2,0,0,0,1,,,,,,,,,,,,,,,,,,,,,,,,,,,,,,,,,,,,,,,,,,,,,,,,,,
S.Lee,00-0027663,no,DAL,MLB,3,0,2,0,7,,,,,,,,,,,,,,,,,,,,,,,,,,,,,,,,,,,,,,,,,,,,,,,,,,
B.Carter,00-0027978,no,DAL,OLB,1,0,0,0,2,,,,,,,,,,,,,,,,,,,,,,,,,,,,,,,,,,,,,,,,,,,,,,,,,,
J.Hatcher,00-0024307,no,DAL,DT,0,0,0,1,1,,,,,,,,,,,,,,,,,,,,,,,,,,,,,,,,,,,,,,,,,,,,,,,,,,
C.Rayford,00-0030468,no,DAL,,1,0,0,0,0,,,,,,,,,,,,,,,,,,,,,,,,,,,,,,,,,,,,,,,,,,,,,,,,,,
Austin,00-0027990,no,DAL,,0,0,0,0,1,,,,,,,,,,,,,,,,,,,,,,,,,,,,,,,,,,,,,,,,,,,,,,,,,,
J.Wynn,00-0026930,no,DAL,DE,0,0,0,0,2,,,,,,,,,,,,,,,,,,,,,,,,,,,,,,,,,,,,,,,,,,,,,,,,,,
C.Henne,00-0026197,yes,JAC,QB,,,,,,,,,,,,,,,,,,,,,,,,,45,29,0,1,0,0,228,,,,,,,,,,,,,,,,,,1,1,0,0,0,0,1
D.Robinson,00-0030547,yes,JAC,RB,,,,,,,,,,,,,,,,,,,,,,,,,,,,,,,,,,,,,,,,,,,,,,,,,4,7,0,0,0,0,15
J.Blackmon,00-0029707,yes,JAC,WR,,,,,,,,,,,,,,,,,,,,,,,,,,,,,,,,,,,,,,,,,,12,0,4,0,0,0,31,1,-1,0,0,0,0,-1
M.Jones-Drew,00-0024275,yes,JAC,RB,,,,,,,,,,,,,,,,,,,,,,,,,,,,,,,,,,,,,,,,,,11,0,6,0,0,0,47,19,30,0,0,0,0,75
M.Brown,00-0029155,yes,JAC,WR,,,,,,,,,,,,,,,,,,,,,,,,,,,,,,,,,,,,,,,,,,29,29,3,1,0,0,43,,,,,,,
M.Lewis,00-0024243,yes,JAC,TE,,,,,,1,0,1,0,0,,,,,,,,,,,,,,,,,,,,,,,,,,,,,,,,6,0,1,0,0,0,6,,,,,,,
W.Ta'ufo'ou,00-0026557,yes,JAC,FB,,,,,,,,,,,,,,,,,,,,,,,,,,,,,,,,,,,,,,,,,,7,0,3,0,0,0,3,,,,,,,
C.Harbor,00-0027725,yes,JAC,TE,,,,,,,,,,,,,,,,,,,,,,,,,,,,,,,,,,,,,,,,,,7,0,1,0,0,0,7,,,,,,,
C.Shorts,00-0028052,yes,JAC,WR,,,,,,,,,,,,,,,,,,,,,,,,,,,,,,,,,,,,,,,,,,15,0,7,0,0,0,74,,,,,,,
A.Sanders,00-0030550,yes,JAC,WR,,,,,,,,,,,,,,,,,,,,,,,,,,,,,,,,,,,,,16,16,0,1,0,11,0,1,0,0,0,11,,,,,,,
J.Forsett,00-0026373,yes,JAC,RB,,,,,,,,,,,,,,,,,,,,21,21,0,1,0,,,,,,,,,,,,,,,,,,5,0,3,0,0,0,6,,,,,,,
R.Allen,00-0026605,yes,JAC,OLB,0,0,0,0,3,0,0,0,1,0,,,,,,,,,,,,,,,,,,,,,,,,,,,,,,,,,,,,,,,,,,,,,
J.Scobee,00-0022874,yes,JAC,K,,,,,,,,,,,1,1,38,3,1,0,1,0,1,,,,,,,,,,,,,,,,,,,,,,,,,,,,,,,,,,,,
B.Anger,00-0029692,yes,JAC,P,,,,,,,,,,,,,,,,,,,,,,,,,,,,,,,,39,0,51,4,178,,,,,,,,,,,,,,,,,,,
J.Todman,00-0028121,yes,JAC,RB,,,,,,,,,,,,,,,,,,,,19,40,0,6,0,,,,,,,,,,,,,,,,,,,,,,,,,,,,,,,
R.Miller,00-0027055,yes,JAC,DT,0,0,0,0,2,,,,,,,,,,,,,,,,,,,,,,,,,,,,,,,,,,,,,,,,,,,,,,,,,,
S.Marks,00-0027038,yes,JAC,DT,0,0,0,0,1,,,,,,,,,,,,,,,,,,,,,,,,,,,,,,,,,,,,,,,,,,,,,,,,,,
M.Harris,00-0029610,yes,JAC,CB,0,0,0,0,1,,,,,,,,,,,,,,,,,,,,,,,,,,,,,,,,,,,,,,,,,,,,,,,,,,
A.Branch,00-0029600,yes,JAC,DE,1,0,0,0,1,,,,,,,,,,,,,,,,,,,,,,,,,,,,,,,,,,,,,,,,,,,,,,,,,,
P.Posluszny,00-0025421,yes,JAC,MLB,2,0,0,0,10,,,,,,,,,,,,,,,,,,,,,,,,,,,,,,,,,,,,,,,,,,,,,,,,,,
A.Ball,00-0025624,yes,JAC,CB,2,0,0,0,1,,,,,,,,,,,,,,,,,,,,,,,,,,,,,,,,,,,,,,,,,,,,,,,,,,
J.Cyprien,00-0030538,yes,JAC,SS,0,0,0,0,2,,,,,,,,,,,,,,,,,,,,,,,,,,,,,,,,,,,,,,,,,,,,,,,,,,
D.Gratz,00-0030539,yes,JAC,CB,0,0,0,0,5,,,,,,,,,,,,,,,,,,,,,,,,,,,,,,,,,,,,,,,,,,,,,,,,,,
G.Hayes,00-0026315,yes,JAC,OLB,1,0,0,0,5,,,,,,,,,,,,,,,,,,,,,,,,,,,,,,,,,,,,,,,,,,,,,,,,,,
T.Alualu,00-0027862,yes,JAC,DE,0,0,0,0,3,,,,,,,,,,,,,,,,,,,,,,,,,,,,,,,,,,,,,,,,,,,,,,,,,,
J.Evans,00-0030557,yes,JAC,FS,0,0,0,0,3,,,,,,,,,,,,,,,,,,,,,,,,,,,,,,,,,,,,,,,,,,,,,,,,,,
J.Babin,00-0022695,yes,JAC,DE,0,1,0,0,2,,,,,,,,,,,,,,,,,,,,,,,,,,,,,,,,,,,,,,,,,,,,,,,,,,
C.Prosinski,00-0028059,yes,JAC,SS,0,0,0,0,1,,,,,,,,,,,,,,,,,,,,,,,,,,,,,,,,,,,,,,,,,,,,,,,,,,
C.Kaepernick,00-0027974,no,SF,QB,,,,,,,,,,,,,,,,,,,,,,,,,16,10,0,1,0,0,164,,,,,,,,,,,,,,,,,,7,17,12,2,0,0,54
C.McCoy,00-0027688,no,SF,QB,,,,,,,,,,,,,,,,,,,,,,,,,1,1,0,0,0,0,13,,,,,,,,,,,,,,,,,,,,,,,,
B.Miller,00-0028149,no,SF,FB,,,,,,,,,,,,,,,,,,,,,,,,,,,,,,,,,,,,,,,,,,43,0,2,0,0,0,56,1,0,0,0,0,0,0
K.Hunter,00-0028053,no,SF,RB,,,,,,,,,,,,,,,,,,,,,,,,,,,,,,,,,,,,,,,,,,,,,,,,,9,41,0,0,0,0,84
K.Williams,00-0027608,no,SF,WR,,,,,,0,1,2,1,0,,,,,,,,,,13,22,0,2,0,,,,,,,,,,,,,2,4,0,2,0,7,0,1,0,0,0,7,1,10,0,0,0,0,10
F.Gore,00-0023500,no,SF,RB,,,,,,1,0,1,0,0,,,,,,,,,,,,,,,,,,,,,,,,,,,,,,,,6,0,1,0,0,0,6,19,19,19,2,0,0,71
A.Dixon,00-0027772,no,SF,RB,,,,,,,,,,,,,,,,,,,,47,47,0,1,0,,,,,,,,,,,,,,,,,,,,,,,,,1,2,0,0,0,0,2
A.Boldin,00-0022084,no,SF,WR,,,,,,,,,,,,,,,,,,,,,,,,,,,,,,,,,,,,,,,,,,21,0,4,0,0,0,56,,,,,,,
V.Davis,00-0024221,no,SF,TE,,,,,,,,,,,,,,,,,,,,,,,,,,,,,,,,,,,,,,,,,,31,2,3,1,0,0,52,,,,,,,
D.Skuta,00-0026725,no,SF,OLB,0,0,0,0,6,0,0,0,1,47,,,,,,,,,,,,,,,,,,,,,,,,,,,,,,,,,,,,,,,,,,,,,
P.Dawson,00-0004091,no,SF,K,,,,,,,,,,,0,0,0,0,6,0,6,0,6,,,,,,,,,,,,,,,,,,,,,,,,,,,,,,,,,,,,
A.Lee,00-0022824,no,SF,P,,,,,,,,,,,,,,,,,,,,,,,,,,,,,,,,45,0,61,1,61,,,,,,,,,,,,,,,,,,,
D.Whitner,00-0024223,no,SF,SS,0,0,0,0,1,,,,,,,,,,,,,,,,,,,,,,,,,,,,,,,,,,,,,,,,,,,,,,,,,,
T.Brown,00-0025534,no,SF,CB,1,0,0,0,4,,,,,,,,,,,,,,,,,,,,,,,,,,,,,,,,,,,,,,,,,,,,,,,,,,
R.McDonald,00-0025484,no,SF,DE,0,0,0,0,3,,,,,,,,,,,,,,,,,,,,,,,,,,,,,,,,,,,,,,,,,,,,,,,,,,
Q.Dial,00-0030088,no,SF,DE,0,0,0,0,1,,,,,,,,,,,,,,,,,,,,,,,,,,,,,,,,,,,,,,,,,,,,,,,,,,
G.Dorsey,00-0026145,no,SF,NT,0,0,0,0,1,,,,,,,,,,,,,,,,,,,,,,,,,,,,,,,,,,,,,,,,,,,,,,,,,,
C.Dahl,00-0024796,no,SF,SS,0,0,0,0,1,,,,,,,,,,,,,,,,,,,,,,,,,,,,,,,,,,,,,,,,,,,,,,,,,,
P.Willis,00-0025398,no,SF,ILB,0,1,0,0,6,,,,,,,,,,,,,,,,,,,,,,,,,,,,,,,,,,,,,,,,,,,,,,,,,,
T.Jerod-Eddie,00-0029165,no,SF,DE,0,0,0,0,1,,,,,,,,,,,,,,,,,,,,,,,,,,,,,,,,,,,,,,,,,,,,,,,,,,
J.Smith,00-0020535,no,SF,DE,0,0,0,0,1,,,,,,,,,,,,,,,,,,,,,,,,,,,,,,,,,,,,,,,,,,,,,,,,,,
D.Dobbs,00-0028479,no,SF,TE,0,0,0,0,1,,,,,,,,,,,,,,,,,,,,,,,,,,,,,,,,,,,,,,,,,,,,,,,,,,
C.Rogers,00-0023444,no,SF,CB,0,0,0,0,1,,,,,,,,,,,,,,,,,,,,,,,,,,,,,,,,,,,,,,,,,,,,,,,,,,
E.Reid,00-0030548,no,SF,FS,0,0,0,0,8,,,,,,,,,,,,,,,,,,,,,,,,,,,,,,,,,,,,,,,,,,,,,,,,,,
A.Brooks,00-0024495,no,SF,OLB,0,0,0,0,3,,,,,,,,,,,,,,,,,,,,,,,,,,,,,,,,,,,,,,,,,,,,,,,,,,
N.Bowman,00-0027894,no,SF,ILB,0,0,0,0,10,,,,,,,,,,,,,,,,,,,,,,,,,,,,,,,,,,,,,,,,,,,,,,,,,,
T.Brock,00-0027375,no,SF,CB,0,0,0,0,5,,,,,,,,,,,,,,,,,,,,,,,,,,,,,,,,,,,,,,,,,,,,,,,,,,
A.Smith,00-0023436,yes,KC,QB,,,,,,,,,,,,,,,,,,,,,,,,,36,24,0,2,0,0,225,,,,,,,,,,,,,,,,,,6,23,0,0,0,0,40
D.Avery,00-0026173,yes,KC,WR,,,,,,,,,,,,,,,,,,,,,,,,,,,,,,,,,,,,,,,,,,18,0,3,0,0,0,31,1,4,0,0,0,0,4
K.Davis,00-0030280,yes,KC,RB,,,,,,,,,,,,,,,,,,,,,,,,,,,,,,,,,,,,,,,,,,12,0,1,0,0,0,12,3,9,0,0,0,0,13
D.McCluster,00-0027651,yes,KC,WR,,,,,,0,0,1,0,0,,,,,,,,,,,,,,,,,,,,,,,,,,,7,20,0,5,0,28,28,7,1,0,0,67,1,5,0,0,0,0,5
J.Charles,00-0026213,yes,KC,RB,,,,,,,,,,,,,,,,,,,,,,,,,,,,,,,,,,,,,,,,,,24,0,5,0,0,0,46,18,17,0,0,0,0,74
A.Sherman,00-0028074,yes,KC,FB,,,,,,,,,,,,,,,,,,,,,,,,,,,,,,,,,,,,,,,,,,12,12,3,1,0,0,23,,,,,,,
A.Fasano,00-0024268,yes,KC,TE,,,,,,,,,,,,,,,,,,,,,,,,,,,,,,,,,,,,,,,,,,8,0,2,0,0,0,14,,,,,,,
S.McGrath,00-0029391,yes,KC,TE,,,,,,,,,,,,,,,,,,,,,,,,,,,,,,,,,,,,,,,,,,22,0,2,0,0,0,25,,,,,,,
D.Bowe,00-0025410,yes,KC,WR,,,,,,,,,,,,,,,,,,,,,,,,,,,,,,,,,,,,,,,,,,7,0,1,0,0,0,7,,,,,,,
F.Zombo,00-0027442,yes,KC,OLB,,,,,,0,0,0,1,0,,,,,,,,,,,,,,,,,,,,,,,,,,,,,,,,,,,,,,,,,,,,,
R.Parker,00-0028445,yes,KC,CB,,,,,,0,1,0,1,2,,,,,,,,,,,,,,,,,,,,,,,,,,,,,,,,,,,,,,,,,,,,,
R.Succop,00-0026968,yes,KC,K,,,,,,,,,,,4,3,42,9,2,0,2,0,2,,,,,,,,,,,,,,,,,,,,,,,,,,,,,,,,,,,,
D.Colquitt,00-0023534,yes,KC,P,,,,,,,,,,,,,,,,,,,,,,,,,,,,,,,,44,1,56,5,240,,,,,,,,,,,,,,,,,,,
Q.Demps,00-0026257,yes,KC,FS,,,,,,,,,,,,,,,,,,,,26,34,0,2,0,,,,,,,,,,,,,,,,,,,,,,,,,,,,,,,
M.Cooper,00-0030127,yes,KC,CB,0,0,0,0,2,,,,,,,,,,,,,,,,,,,,,,,,,,,,,,,,,,,,,,,,,,,,,,,,,,
S.Smith,00-0027037,yes,KC,CB,0,0,0,0,2,,,,,,,,,,,,,,,,,,,,,,,,,,,,,,,,,,,,,,,,,,,,,,,,,,
A.Jordan,00-0025719,yes,KC,ILB,0,0,0,0,1,,,,,,,,,,,,,,,,,,,,,,,,,,,,,,,,,,,,,,,,,,,,,,,,,,
D.Poe,00-0029688,yes,KC,NT,0,0,0,0,2,,,,,,,,,,,,,,,,,,,,,,,,,,,,,,,,,,,,,,,,,,,,,,,,,,
T.Hali,00-0024235,yes,KC,OLB,0,0,0,0,2,,,,,,,,,,,,,,,,,,,,,,,,,,,,,,,,,,,,,,,,,,,,,,,,,,
J.Houston,00-0028008,yes,KC,OLB,0,0,0,1,1,,,,,,,,,,,,,,,,,,,,,,,,,,,,,,,,,,,,,,,,,,,,,,,,,,
B.Flowers,00-0026175,yes,KC,CB,0,0,0,0,6,,,,,,,,,,,,,,,,,,,,,,,,,,,,,,,,,,,,,,,,,,,,,,,,,,
K.Lewis,00-0027736,yes,KC,FS,0,0,0,0,2,,,,,,,,,,,,,,,,,,,,,,,,,,,,,,,,,,,,,,,,,,,,,,,,,,
H.Abdullah,00-0025940,yes,KC,SS,0,0,0,0,1,,,,,,,,,,,,,,,,,,,,,,,,,,,,,,,,,,,,,,,,,,,,,,,,,,
E.Berry,00-0027858,yes,KC,SS,0,0,0,0,4,,,,,,,,,,,,,,,,,,,,,,,,,,,,,,,,,,,,,,,,,,,,,,,,,,
D.Johnson,00-0023449,yes,KC,ILB,0,0,0,0,12,,,,,,,,,,,,,,,,,,,,,,,,,,,,,,,,,,,,,,,,,,,,,,,,,,
J.Campbell,00-0023460,no,CLE,QB,,,,,,,,,,,,,,,,,,,,,,,,,36,22,0,2,0,0,293,,,,,,,,,,,,,,,,,,3,8,0,0,0,0,17
W.McGahee,00-0022178,no,CLE,RB,,,,,,,,,,,,,,,,,,,,,,,,,,,,,,,,,,,,,,,,,,0,0,2,0,0,0,0,9,14,0,0,0,0,28
C.Ogbonnaya,00-0027140,no,CLE,RB,,,,,,,,,,,,,,,,,,,,,,,,,,,,,,,,,,,,,,,,,,7,0,3,0,0,0,15,3,12,0,0,0,0,12
M.Gray,00-0029878,no,CLE,TE,,,,,,,,,,,,,,,,,,,,,,,,,,,,,,,,,,,,,,,,,,5,0,1,0,0,0,5,,,,,,,
J.Cameron,00-0028040,no,CLE,TE,,,,,,,,,,,,,,,,,,,,,,,,,,,,,,,,,,,,,,,,,,37,0,4,0,0,0,81,,,,,,,
F.Whittaker,00-0029731,no,CLE,RB,,,,,,,,,,,,,,,,,,,,16,16,0,1,0,,,,,,,,,,,,,,,,,,17,17,2,1,0,0,22,,,,,,,
J.Gordon,00-0029664,no,CLE,WR,,,,,,,,,,,,,,,,,,,,,,,,,,,,,,,,,,,,,,,,,,47,39,5,1,0,0,132,,,,,,,
G.Barnidge,00-0026281,no,CLE,TE,,,,,,,,,,,,,,,,,,,,,,,,,,,,,,,,,,,,,,,,,,3,0,1,0,0,0,3,,,,,,,
D.Bess,00-0026000,no,CLE,,,,,,,1,0,1,0,0,,,,,,,,,,,,,,,,,,,,,,,,,,,4,8,0,2,0,15,0,3,0,0,0,27,,,,,,,
G.Little,00-0027997,no,CLE,WR,,,,,,,,,,,,,,,,,,,,,,,,,,,,,,,,,,,,,,,,,,8,0,1,0,0,0,8,,,,,,,
B.Cundiff,00-0020972,no,CLE,K,,,,,,,,,,,1,1,44,3,2,0,2,0,2,,,,,,,,,,,,,,,,,,,,,,,,,,,,,,,,,,,,
S.Lanning,00-0028347,no,CLE,P,,,,,,,,,,,,,,,,,,,,,,,,,,,,,,,,40,2,54,6,280,,,,,,,,,,,,,,,,,,,
T.Benjamin,00-0029269,no,CLE,WR,,,,,,,,,,,,,,,,,,,,30,36,0,2,0,,,,,,,,,,,,,5,10,0,2,0,,,,,,,,,,,,,,
P.Kruger,00-0027033,no,CLE,OLB,0,0,0,1,2,,,,,,,,,,,,,,,,,,,,,,,,,,,,,,,,,,,,,,,,,,,,,,,,,,
A.Rubin,00-0026330,no,CLE,DE,0,0,0,0,2,,,,,,,,,,,,,,,,,,,,,,,,,,,,,,,,,,,,,,,,,,,,,,,,,,
T.Gipson,00-0028924,no,CLE,FS,0,0,0,0,9,,,,,,,,,,,,,,,,,,,,,,,,,,,,,,,,,,,,,,,,,,,,,,,,,,
D.Jackson,00-0024249,no,CLE,ILB,1,0,0,1,7,,,,,,,,,,,,,,,,,,,,,,,,,,,,,,,,,,,,,,,,,,,,,,,,,,
C.Robertson,00-0028834,no,CLE,ILB,0,0,0,1,10,,,,,,,,,,,,,,,,,,,,,,,,,,,,,,,,,,,,,,,,,,,,,,,,,,
T.Ward,00-0027653,no,CLE,SS,0,0,0,1,10,,,,,,,,,,,,,,,,,,,,,,,,,,,,,,,,,,,,,,,,,,,,,,,,,,
B.Skrine,00-0028075,no,CLE,CB,0,0,0,0,3,,,,,,,,,,,,,,,,,,,,,,,,,,,,,,,,,,,,,,,,,,,,,,,,,,
J.Haden,00-0027860,no,CLE,CB,0,0,0,0,3,,,,,,,,,,,,,,,,,,,,,,,,,,,,,,,,,,,,,,,,,,,,,,,,,,
B.Mingo,00-0030558,no,CLE,OLB,0,0,0,1,1,,,,,,,,,,,,,,,,,,,,,,,,,,,,,,,,,,,,,,,,,,,,,,,,,,
P.Taylor,00-0027959,no,CLE,NT,0,0,0,1,3,,,,,,,,,,,,,,,,,,,,,,,,,,,,,,,,,,,,,,,,,,,,,,,,,,
C.Owens,00-0027062,no,CLE,CB,0,0,0,0,4,,,,,,,,,,,,,,,,,,,,,,,,,,,,,,,,,,,,,,,,,,,,,,,,,,
J.Sheard,00-0027975,no,CLE,OLB,1,0,0,0,0,,,,,,,,,,,,,,,,,,,,,,,,,,,,,,,,,,,,,,,,,,,,,,,,,,
T.Brady,00-0019596,yes,NE,QB,,,,,,,,,,,,,,,,,,,,,,,,,22,13,1,1,0,0,116,,,,,,,,,,,,,,,,,,4,8,0,0,0,0,5
S.Ridley,00-0028011,yes,NE,RB,,,,,,,,,,,,,,,,,,,,,,,,,,,,,,,,,,,,,,,,,,,,,,,,,14,23,3,1,0,0,79
B.Bolden,00-0029239,yes,NE,RB,,,,,,,,,,,,,,,,,,,,,,,,,,,,,,,,,,,,,,,,,,5,0,2,0,0,0,7,8,8,2,1,0,0,22
L.Blount,00-0027325,yes,NE,RB,,,,,,,,,,,,,,,,,,,,23,30,0,2,0,,,,,,,,,,,,,,,,,,,,,,,,,11,19,0,0,0,0,46
J.Edelman,00-0027150,yes,NE,WR,,,,,,,,,,,,,,,,,,,,,,,,,,,,,,,,,,,,,4,7,0,3,0,7,0,2,0,0,0,7,,,,,,,
D.Amendola,00-0026035,yes,NE,WR,,,,,,,,,,,,,,,,,,,,,,,,,,,,,,,,,,,,,,,,,,8,0,3,0,0,0,15,,,,,,,
R.Gronkowski,00-0027656,yes,NE,TE,,,,,,,,,,,,,,,,,,,,,,,,,,,,,,,,,,,,,,,,,,23,0,2,0,0,0,27,,,,,,,
A.Dobson,00-0030540,yes,NE,WR,,,,,,,,,,,,,,,,,,,,,,,,,,,,,,,,,,,,,,,,,,26,14,4,1,0,0,60,,,,,,,
R.Ninkovich,00-0024349,yes,NE,DE,3,0,0,1,2,0,0,0,1,0,,,,,,,,,,,,,,,,,,,,,,,,,,,,,,,,,,,,,,,,,,,,,
S.Gostkowski,00-0024333,yes,NE,K,,,,,,,,,,,2,2,48,6,3,0,3,0,3,,,,,,,,,,,,,,,,,,,,,,,,,,,,,,,,,,,,
R.Allen,00-0029984,yes,NE,P,,,,,,,,,,,,,,,,,,,,,,,,,,,,,,,,38,1,51,5,217,,,,,,,,,,,,,,,,,,,
A.Dennard,00-0029596,yes,NE,CB,0,0,0,0,9,,,,,,,,,,,,,,,,,,,,,,,,,,,,,,,,,,,,,,,,,,,,,,,,,,
L.Ryan,00-0030411,yes,NE,CB,0,1,0,2,5,,,,,,,,,,,,,,,,,,,,,,,,,,,,,,,,,,,,,,,,,,,,,,,,,,
D.Fletcher,00-0027237,yes,NE,MLB,1,0,0,1,1,,,,,,,,,,,,,,,,,,,,,,,,,,,,,,,,,,,,,,,,,,,,,,,,,,
D.Hightower,00-0029669,yes,NE,OLB,5,0,0,1,5,,,,,,,,,,,,,,,,,,,,,,,,,,,,,,,,,,,,,,,,,,,,,,,,,,
M.Cole,00-0024588,yes,NE,DB,0,0,1,0,1,,,,,,,,,,,,,,,,,,,,,,,,,,,,,,,,,,,,,,,,,,,,,,,,,,
J.Vellano,00-0030001,yes,NE,DT,3,0,0,0,1,,,,,,,,,,,,,,,,,,,,,,,,,,,,,,,,,,,,,,,,,,,,,,,,,,
D.McCourty,00-0027647,yes,NE,FS,3,0,0,0,2,,,,,,,,,,,,,,,,,,,,,,,,,,,,,,,,,,,,,,,,,,,,,,,,,,
S.Gregory,00-0023998,yes,NE,SS,0,0,0,0,1,,,,,,,,,,,,,,,,,,,,,,,,,,,,,,,,,,,,,,,,,,,,,,,,,,
D.Harmon,00-0030383,yes,NE,SS,0,0,1,0,0,,,,,,,,,,,,,,,,,,,,,,,,,,,,,,,,,,,,,,,,,,,,,,,,,,
Cha.Jones,00-0029585,yes,NE,DE,2,0,0,0,4,,,,,,,,,,,,,,,,,,,,,,,,,,,,,,,,,,,,,,,,,,,,,,,,,,
Chr. Jones,00-0030106,yes,NE,DT,4,0,0,1,3,,,,,,,,,,,,,,,,,,,,,,,,,,,,,,,,,,,,,,,,,,,,,,,,,,
K.Arrington,00-0026071,yes,NE,CB,0,0,0,0,2,,,,,,,,,,,,,,,,,,,,,,,,,,,,,,,,,,,,,,,,,,,,,,,,,,
B.Spikes,00-0027668,yes,NE,MLB,5,0,0,0,4,,,,,,,,,,,,,,,,,,,,,,,,,,,,,,,,,,,,,,,,,,,,,,,,,,
J.Collins,00-0030421,yes,NE,OLB,2,0,0,0,0,,,,,,,,,,,,,,,,,,,,,,,,,,,,,,,,,,,,,,,,,,,,,,,,,,
R.Tannehill,00-0029701,no,MIA,QB,,,,,,1,0,1,0,0,,,,,,,,,,,,,,,42,22,2,2,0,0,192,,,,,,,,,,,,,,,,,,1,12,0,0,0,0,12
L.Miller,00-0029615,no,MIA,RB,,,,,,,,,,,,,,,,,,,,,,,,,,,,,,,,,,,,,,,,,,13,0,3,0,0,0,23,18,18,0,0,0,0,89
C.Clay,00-0028112,no,MIA,TE,,,,,,,,,,,,,,,,,,,,,,,,,,,,,,,,,,,,,,,,,,11,0,5,0,0,0,37,1,1,0,0,0,0,1
M.Wallace,00-0026901,no,MIA,WR,,,,,,,,,,,,,,,,,,,,,,,,,,,,,,,,,,,,,,,,,,25,0,3,0,0,0,41,1,8,0,0,0,0,8
M.Thigpen,00-0026577,no,MIA,RB,,,,,,,,,,,,,,,,,,,,17,23,0,3,0,,,,,,,,,,,,,9,13,0,3,0,,,,,,,,1,-1,0,0,0,0,-1
D.Thomas,00-0028000,no,MIA,RB,,,,,,,,,,,,,,,,,,,,,,,,,,,,,,,,,,,,,,,,,,5,5,1,1,0,0,5,9,15,0,0,0,0,47
R.Matthews,00-0029580,no,MIA,WR,,,,,,,,,,,,,,,,,,,,,,,,,,,,,,,,,,,,,,,,,,20,0,3,0,0,0,30,,,,,,,
D.Sims,00-0030422,no,MIA,TE,,,,,,,,,,,,,,,,,,,,,,,,,,,,,,,,,,,,,,,,,,4,0,1,0,0,0,4,,,,,,,
M.Egnew,00-0029694,no,MIA,TE,,,,,,,,,,,,,,,,,,,,,,,,,,,,,,,,,,,,,,,,,,11,0,1,0,0,0,11,,,,,,,
B.Hartline,00-0027077,no,MIA,WR,,,,,,,,,,,,,,,,,,,,,,,,,,,,,,,,,,,,,,,,,,15,0,4,0,0,0,37,,,,,,,
B.Gibson,00-0026937,no,MIA,WR,,,,,,,,,,,,,,,,,,,,,,,,,,,,,,,,,,,,,,,,,,4,4,1,1,0,0,4,,,,,,,
C.Sturgis,00-0030390,no,MIA,K,,,,,,,,,,,2,1,52,3,2,0,2,0,2,,,,,,,,,,,,,,,,,,,,,,,,,,,,,,,,,,,,
B.Fields,00-0025612,no,MIA,P,,,,,,,,,,,,,,,,,,,,,,,,,,,,,,,,37,1,52,4,161,,,,,,,,,,,,,,,,,,,
J.Wilson,00-0028173,no,MIA,DB,0,0,0,0,3,,,,,,,,,,,,,,,,,,,,,,,,,,,,,,,,,,,,,,,,,,,,,,,,,,
D.Ellerbe,00-0026857,no,MIA,MLB,9,0,0,0,2,,,,,,,,,,,,,,,,,,,,,,,,,,,,,,,,,,,,,,,,,,,,,,,,,,
P.Soliai,00-0025495,no,MIA,DT,4,0,0,0,0,,,,,,,,,,,,,,,,,,,,,,,,,,,,,,,,,,,,,,,,,,,,,,,,,,
C.Wake,00-0023368,no,MIA,DE,1,0,0,0,1,,,,,,,,,,,,,,,,,,,,,,,,,,,,,,,,,,,,,,,,,,,,,,,,,,
D.Patterson,00-0023727,no,MIA,CB,1,0,1,0,3,,,,,,,,,,,,,,,,,,,,,,,,,,,,,,,,,,,,,,,,,,,,,,,,,,
P.Wheeler,00-0026233,no,MIA,OLB,7,0,0,0,1,,,,,,,,,,,,,,,,,,,,,,,,,,,,,,,,,,,,,,,,,,,,,,,,,,
D.Shelby,00-0029111,no,MIA,DE,2,0,0,0,0,,,,,,,,,,,,,,,,,,,,,,,,,,,,,,,,,,,,,,,,,,,,,,,,,,
O.Vernon,00-0029693,no,MIA,DE,4,0,0,1,2,,,,,,,,,,,,,,,,,,,,,,,,,,,,,,,,,,,,,,,,,,,,,,,,,,
R.Starks,00-0022805,no,MIA,DT,4,0,0,0,0,,,,,,,,,,,,,,,,,,,,,,,,,,,,,,,,,,,,,,,,,,,,,,,,,,
R.Jones,00-0027762,no,MIA,FS,7,0,0,0,0,,,,,,,,,,,,,,,,,,,,,,,,,,,,,,,,,,,,,,,,,,,,,,,,,,
I.Aaitui,00-0028830,no,MIA,,2,0,0,0,1,,,,,,,,,,,,,,,,,,,,,,,,,,,,,,,,,,,,,,,,,,,,,,,,,,
C.Clemons,00-0027115,no,MIA,SS,7,0,0,0,3,,,,,,,,,,,,,,,,,,,,,,,,,,,,,,,,,,,,,,,,,,,,,,,,,,
B.Grimes,00-0024183,no,MIA,CB,2,0,0,0,1,,,,,,,,,,,,,,,,,,,,,,,,,,,,,,,,,,,,,,,,,,,,,,,,,,
K.Misi,00-0027883,no,MIA,OLB,2,0,0,0,1,,,,,,,,,,,,,,,,,,,,,,,,,,,,,,,,,,,,,,,,,,,,,,,,,,
J.Odrick,00-0027878,no,MIA,DT,2,0,0,2,2,,,,,,,,,,,,,,,,,,,,,,,,,,,,,,,,,,,,,,,,,,,,,,,,,,
D.Brees,00-0020531,yes,NO,QB,,,,,,,,,,,,,,,,,,,,,,,,,34,26,0,5,0,0,332,,,,,,,,,,,,,,,,,,4,2,0,0,0,0,-1
K.Robinson,00-0030348,yes,NO,RB,,,,,,,,,,,,,,,,,,,,,,,,,,,,,,,,,,,,,,,,,,,,,,,,,7,4,0,0,0,0,9
K.Stills,00-0030085,yes,NO,WR,,,,,,,,,,,,,,,,,,,,,,,,,,,,,,,,,,,,,,,,,,69,69,3,2,0,0,129,1,4,0,0,0,0,4
P.Thomas,00-0024813,yes,NO,RB,,,,,,,,,,,,,,,,,,,,,,,,,,,,,,,,,,,,,,,,,,17,0,3,0,0,0,29,14,13,0,0,0,0,65
J.Collins,00-0026072,yes,NO,FB,,,,,,,,,,,,,,,,,,,,,,,,,,,,,,,,,,,,,,,,,,8,0,1,0,0,0,8,,,,,,,
B.Watson,00-0022943,yes,NO,TE,,,,,,,,,,,,,,,,,,,,,,,,,,,,,,,,,,,,,,,,,,17,0,3,0,0,0,45,,,,,,,
J.Hill,00-0030216,yes,NO,TE,,,,,,,,,,,,,,,,,,,,,,,,,,,,,,,,,,,,,,,,,,9,0,2,0,0,0,17,,,,,,,
L.Moore,00-0023310,yes,NO,WR,,,,,,,,,,,,,,,,,,,,,,,,,,,,,,,,,,,,,,,,,,15,15,3,1,0,0,34,,,,,,,
R.Meachem,00-0025414,yes,NO,WR,,,,,,,,,,,,,,,,,,,,,,,,,,,,,,,,,,,,,,,,,,15,0,1,0,0,0,15,,,,,,,
D.Sproles,00-0023564,yes,NO,RB,,,,,,,,,,,,,,,,,,,,25,32,0,2,0,,,,,,,,,,,,,0,0,0,1,0,7,0,4,0,0,0,0,,,,,,,
M.Colston,00-0024466,yes,NO,WR,,,,,,,,,,,,,,,,,,,,,,,,,,,,,,,,,,,,,,,,,,6,0,3,0,0,0,18,,,,,,,
J.Graham,00-0027696,yes,NO,TE,,,,,,,,,,,,,,,,,,,,,,,,,,,,,,,,,,,,,,,,,,15,15,3,2,0,0,37,,,,,,,
J.Galette,00-0027551,yes,NO,OLB,1,1,0,1,5,0,0,0,1,3,,,,,,,,,,,,,,,,,,,,,,,,,,,,,,,,,,,,,,,,,,,,,
C.Jordan,00-0027962,yes,NO,DE,0,1,0,1,1,0,0,0,1,0,,,,,,,,,,,,,,,,,,,,,,,,,,,,,,,,,,,,,,,,,,,,,
G.Hartley,00-0025824,yes,NO,,,,,,,,,,,,2,0,0,0,5,0,5,0,5,,,,,,,,,,,,,,,,,,,,,,,,,,,,,,,,,,,,
T.Morstead,00-0027114,yes,NO,P,,,,,,,,,,,,,,,,,,,,,,,,,,,,,,,,41,2,55,4,187,,,,,,,,,,,,,,,,,,,
C.Lofton,00-0026177,yes,NO,MLB,2,0,0,0,6,,,,,,,,,,,,,,,,,,,,,,,,,,,,,,,,,,,,,,,,,,,,,,,,,,
C.White,00-0029658,yes,NO,CB,0,0,0,0,2,,,,,,,,,,,,,,,,,,,,,,,,,,,,,,,,,,,,,,,,,,,,,,,,,,
T.Johnson,00-0024030,yes,NO,DT,0,0,0,0,1,,,,,,,,,,,,,,,,,,,,,,,,,,,,,,,,,,,,,,,,,,,,,,,,,,
J.Jenkins,00-0030070,yes,NO,NT,1,0,0,0,0,,,,,,,,,,,,,,,,,,,,,,,,,,,,,,,,,,,,,,,,,,,,,,,,,,
G.Foster,00-0030215,yes,NO,DE,0,0,0,1,1,,,,,,,,,,,,,,,,,,,,,,,,,,,,,,,,,,,,,,,,,,,,,,,,,,
B.Bunkley,00-0024229,yes,NO,NT,0,0,0,0,1,,,,,,,,,,,,,,,,,,,,,,,,,,,,,,,,,,,,,,,,,,,,,,,,,,
K.Vaccaro,00-0030060,yes,NO,SS,0,0,0,0,4,,,,,,,,,,,,,,,,,,,,,,,,,,,,,,,,,,,,,,,,,,,,,,,,,,
A.Hicks,00-0029657,yes,NO,DE,1,0,0,0,5,,,,,,,,,,,,,,,,,,,,,,,,,,,,,,,,,,,,,,,,,,,,,,,,,,
M.Jenkins,00-0026990,yes,NO,FS,1,0,0,0,4,,,,,,,,,,,,,,,,,,,,,,,,,,,,,,,,,,,,,,,,,,,,,,,,,,
P.Haralson,00-0024354,yes,NO,OLB,1,0,0,0,0,,,,,,,,,,,,,,,,,,,,,,,,,,,,,,,,,,,,,,,,,,,,,,,,,,
R.Bush,00-0027195,yes,NO,FS,0,0,0,0,2,,,,,,,,,,,,,,,,,,,,,,,,,,,,,,,,,,,,,,,,,,,,,,,,,,
K.Lewis,00-0026903,yes,NO,CB,0,0,1,0,2,,,,,,,,,,,,,,,,,,,,,,,,,,,,,,,,,,,,,,,,,,,,,,,,,,
I.Abdul-Quddus,00-0028564,yes,NO,,0,0,0,0,2,,,,,,,,,,,,,,,,,,,,,,,,,,,,,,,,,,,,,,,,,,,,,,,,,,
J.Greer,00-0022527,yes,NO,CB,1,0,0,0,2,,,,,,,,,,,,,,,,,,,,,,,,,,,,,,,,,,,,,,,,,,,,,,,,,,
D.Hawthorne,00-0025999,yes,NO,ILB,0,1,0,1,8,,,,,,,,,,,,,,,,,,,,,,,,,,,,,,,,,,,,,,,,,,,,,,,,,,
T.Lewis,00-0027253,no,BUF,QB,,,,,,2,0,3,0,0,,,,,,,,,,,,,,,39,22,1,1,0,0,234,,,,,,,,,,,,,,,,,,2,3,0,0,0,0,5
F.Summers,00-0026926,no,BUF,FB,,,,,,,,,,,,,,,,,,,,,,,,,,,,,,,,,,,,,,,,,,,,,,,,,1,3,0,0,0,0,3
F.Jackson,00-0024204,no,BUF,RB,,,,,,,,,,,,,,,,,,,,,,,,,,,,,,,,,,,,,,,,,,5,0,2,0,0,0,8,15,15,1,1,0,0,45
T.Choice,00-0026262,no,BUF,RB,,,,,,,,,,,,,,,,,,,,,,,,,,,,,,,,,,,,,,,,,,,,,,,,,7,20,0,0,0,0,35
M.Goodwin,00-0030068,no,BUF,WR,,,,,,,,,,,,,,,,,,,,,,,,,,,,,,,,,,,,,,,,,,26,0,3,0,0,0,56,,,,,,,
T.Graham,00-0029660,no,BUF,WR,,,,,,,,,,,,,,,,,,,,,,,,,,,,,,,,,,,,,,,,,,14,0,2,0,0,0,19,,,,,,,
S.Chandler,00-0025516,no,BUF,TE,,,,,,,,,,,,,,,,,,,,,,,,,,,,,,,,,,,,,,,,,,22,0,7,0,0,0,72,,,,,,,
R.Woods,00-0030431,no,BUF,WR,,,,,,,,,,,,,,,,,,,,,,,,,,,,,,,,,,,,,,,,,,7,0,1,0,0,0,7,,,,,,,
S.Johnson,00-0026364,no,BUF,WR,,,,,,,,,,,,,,,,,,,,,,,,,,,,,,,,,,,,,,,,,,17,13,7,1,0,0,72,,,,,,,
L.McKelvin,00-0026151,no,BUF,CB,2,0,0,0,4,0,1,1,1,0,,,,,,,,,,,,,,,,,,,,,,,,,,,4,4,0,1,0,,,,,,,,,,,,,,
D.Legursky,00-0025829,no,BUF,G,,,,,,0,1,0,1,0,,,,,,,,,,,,,,,,,,,,,,,,,,,,,,,,,,,,,,,,,,,,,
D.Carpenter,00-0026003,no,BUF,K,,,,,,,,,,,2,1,37,3,2,0,2,0,2,,,,,,,,,,,,,,,,,,,,,,,,,,,,,,,,,,,,
B.Moorman,00-0011626,no,BUF,P,,,,,,,,,,,,,,,,,,,,,,,,,,,,,,,,46,0,53,3,137,,,,,,,,,,,,,,,,,,,
J.Byrd,00-0027018,no,BUF,FS,0,0,0,0,3,,,,,,,,,,,,,,,,,,,,,,,,,,,,,,,,,,,,,,,,,,,,,,,,,,
K.Alonso,00-0030401,no,BUF,MLB,3,0,0,0,8,,,,,,,,,,,,,,,,,,,,,,,,,,,,,,,,,,,,,,,,,,,,,,,,,,
A.Branch,00-0025420,no,BUF,DE,1,0,0,0,0,,,,,,,,,,,,,,,,,,,,,,,,,,,,,,,,,,,,,,,,,,,,,,,,,,
M.Williams,00-0023750,no,BUF,DE,1,0,0,1,1,,,,,,,,,,,,,,,,,,,,,,,,,,,,,,,,,,,,,,,,,,,,,,,,,,
N.Robey,00-0030041,no,BUF,DB,1,0,0,0,2,,,,,,,,,,,,,,,,,,,,,,,,,,,,,,,,,,,,,,,,,,,,,,,,,,
K.Williams,00-0024348,no,BUF,DT,3,0,0,1.5,6,,,,,,,,,,,,,,,,,,,,,,,,,,,,,,,,,,,,,,,,,,,,,,,,,,
D.Searcy,00-0028038,no,BUF,SS,1,0,0,0.5,1,,,,,,,,,,,,,,,,,,,,,,,,,,,,,,,,,,,,,,,,,,,,,,,,,,
J.Leonhard,00-0023287,no,BUF,FS,0,0,0,0,1,,,,,,,,,,,,,,,,,,,,,,,,,,,,,,,,,,,,,,,,,,,,,,,,,,
J.Westerman,00-0026662,no,BUF,LB,0,0,0,0,1,,,,,,,,,,,,,,,,,,,,,,,,,,,,,,,,,,,,,,,,,,,,,,,,,,
N.Bradham,00-0029272,no,BUF,OLB,1,0,0,0,0,,,,,,,,,,,,,,,,,,,,,,,,,,,,,,,,,,,,,,,,,,,,,,,,,,
M.Dareus,00-0027941,no,BUF,DT,0,0,0,0,4,,,,,,,,,,,,,,,,,,,,,,,,,,,,,,,,,,,,,,,,,,,,,,,,,,
J.Hughes,00-0027881,no,BUF,OLB,0,0,0,1,2,,,,,,,,,,,,,,,,,,,,,,,,,,,,,,,,,,,,,,,,,,,,,,,,,,
A.Moats,00-0027777,no,BUF,OLB,2,0,0,0,2,,,,,,,,,,,,,,,,,,,,,,,,,,,,,,,,,,,,,,,,,,,,,,,,,,
A.Williams,00-0027972,no,BUF,SS,2,0,0,0,4,,,,,,,,,,,,,,,,,,,,,,,,,,,,,,,,,,,,,,,,,,,,,,,,,,
S.Gilmore,00-0029542,no,BUF,CB,1,0,0,0,0,,,,,,,,,,,,,,,,,,,,,,,,,,,,,,,,,,,,,,,,,,,,,,,,,,
M.Barkley,00-0030533,yes,PHI,QB,,,,,,1,2,3,2,0,,,,,,,,,,,,,,,26,17,1,0,0,0,158,,,,,,,,,,,,,,,,,,,,,,,,
M.Vick,00-0020245,yes,PHI,QB,,,,,,0,1,1,1,0,,,,,,,,,,,,,,,9,6,1,0,0,0,31,,,,,,,,,,,,,,,,,,1,1,0,0,0,0,1
B.Brown,00-0029429,yes,PHI,RB,,,,,,,,,,,,,,,,,,,,,,,,,,,,,,,,,,,,,,,,,,2,0,1,0,0,0,2,3,3,0,0,0,0,-1
L.McCoy,00-0027029,yes,PHI,RB,,,,,,,,,,,,,,,,,,,,,,,,,,,,,,,,,,,,,,,,,,7,0,4,0,0,0,18,15,9,0,0,0,0,48
B.Celek,00-0025549,yes,PHI,TE,,,,,,,,,,,,,,,,,,,,,,,,,,,,,,,,,,,,,,,,,,9,0,2,0,0,0,17,,,,,,,
D.Jackson,00-0026189,yes,PHI,WR,,,,,,0,0,1,0,0,,,,,,,,,,,,,,,,,,,,,,,,,,,,,,,,13,0,8,0,0,0,63,,,,,,,
J.Casey,00-0027109,yes,PHI,TE,,,,,,,,,,,,,,,,,,,,,,,,,,,,,,,,,,,,,,,,,,11,0,1,0,0,0,11,,,,,,,
Z.Ertz,00-0030061,yes,PHI,TE,,,,,,,,,,,,,,,,,,,,,,,,,,,,,,,,,,,,,,,,,,5,0,1,0,0,0,5,,,,,,,
R.Cooper,00-0027758,yes,PHI,WR,,,,,,,,,,,,,,,,,,,,,,,,,,,,,,,,,,,,,,,,,,7,0,2,0,0,0,13,,,,,,,
D.Johnson,00-0029435,yes,PHI,WR,,,,,,,,,,,,,,,,,,,,28,28,0,2,0,,,,,,,,,,,,,16,16,0,1,0,6,0,1,0,0,0,6,,,,,,,
J.Avant,00-0024324,yes,PHI,WR,,,,,,,,,,,,,,,,,,,,,,,,,,,,,,,,,,,,,,,,,,25,0,3,0,0,0,54,,,,,,,
N.Goode,00-0029418,yes,PHI,ILB,,,,,,0,0,0,1,2,,,,,,,,,,,,,,,,,,,,,,,,,,,,,,,,,,,,,,,,,,,,,
A.Henery,00-0028058,yes,PHI,K,,,,,,,,,,,0,0,0,0,1,0,1,0,1,,,,,,,,,,,,,,,,,,,,,,,,,,,,,,,,,,,,
D.Jones,00-0022684,yes,PHI,P,,,,,,,,,,,,,,,,,,,,,,,,,,,,,,,,43,2,54,6,266,,,,,,,,,,,,,,,,,,,
C.Barwin,00-0027022,yes,PHI,OLB,1,0,0,0,0,,,,,,,,,,,,,,,,,,,,,,,,,,,,,,,,,,,,,,,,,,,,,,,,,,
C.Thornton,00-0028424,yes,PHI,DE,0,0,0,0,6,,,,,,,,,,,,,,,,,,,,,,,,,,,,,,,,,,,,,,,,,,,,,,,,,,
B.Fletcher,00-0027041,yes,PHI,CB,1,0,0,0,8,,,,,,,,,,,,,,,,,,,,,,,,,,,,,,,,,,,,,,,,,,,,,,,,,,
F.Cox,00-0029653,yes,PHI,DE,1,0,0,1,3,,,,,,,,,,,,,,,,,,,,,,,,,,,,,,,,,,,,,,,,,,,,,,,,,,
N.Allen,00-0027652,yes,PHI,SS,3,0,0,0,2,,,,,,,,,,,,,,,,,,,,,,,,,,,,,,,,,,,,,,,,,,,,,,,,,,
E.Wolff,00-0030080,yes,PHI,FS,0,0,0,0,4,,,,,,,,,,,,,,,,,,,,,,,,,,,,,,,,,,,,,,,,,,,,,,,,,,
D.Ryans,00-0024248,yes,PHI,ILB,1,0,0,0,5,,,,,,,,,,,,,,,,,,,,,,,,,,,,,,,,,,,,,,,,,,,,,,,,,,
C.Williams,00-0026369,yes,PHI,CB,0,0,0,0,3,,,,,,,,,,,,,,,,,,,,,,,,,,,,,,,,,,,,,,,,,,,,,,,,,,
B.Boykin,00-0029416,yes,PHI,CB,0,0,0,0,2,,,,,,,,,,,,,,,,,,,,,,,,,,,,,,,,,,,,,,,,,,,,,,,,,,
T.Cole,00-0023579,yes,PHI,OLB,1,0,0,0,0,,,,,,,,,,,,,,,,,,,,,,,,,,,,,,,,,,,,,,,,,,,,,,,,,,
C.Geathers,00-0027784,yes,PHI,DT,1,0,0,0,2,,,,,,,,,,,,,,,,,,,,,,,,,,,,,,,,,,,,,,,,,,,,,,,,,,
B.Logan,00-0030507,yes,PHI,NT,0,0,0,0,1,,,,,,,,,,,,,,,,,,,,,,,,,,,,,,,,,,,,,,,,,,,,,,,,,,
M.Kendricks,00-0029409,yes,PHI,ILB,1,0,0,0,11,,,,,,,,,,,,,,,,,,,,,,,,,,,,,,,,,,,,,,,,,,,,,,,,,,
B.Graham,00-0027865,yes,PHI,LB,0,0,0,0,1,,,,,,,,,,,,,,,,,,,,,,,,,,,,,,,,,,,,,,,,,,,,,,,,,,
E.Manning,00-0022803,no,NYG,QB,,,,,,,,,,,,,,,,,,,,,,,,,39,25,0,0,0,0,246,,,,,,,,,,,,,,,,,,1,-1,0,0,0,0,-1
S.Weatherford,00-0024110,no,NYG,P,,,,,,,,,,,,,,,,,,,,,,,,,,,,,,,,41,3,68,5,219,,,,,,,,,,,,,1,0,0,0,0,0,0
M.Cox,00-0030128,no,NYG,RB,,,,,,,,,,,,,,,,,,,,,,,,,,,,,,,,,,,,,,,,,,11,0,1,0,0,0,11,9,9,0,0,0,0,19
P.Hillis,00-0026367,no,NYG,RB,,,,,,,,,,,,,,,,,,,,,,,,,,,,,,,,,,,,,,,,,,6,0,3,0,0,0,15,20,9,0,0,0,0,70
J.Conner,00-0027739,no,NYG,FB,,,,,,,,,,,,,,,,,,,,,,,,,,,,,,,,,,,,,,,,,,12,0,1,0,0,0,12,,,,,,,
J.Jernigan,00-0028021,no,NYG,WR,,,,,,,,,,,,,,,,,,,,,,,,,,,,,,,,,,,,,,,,,,12,0,3,0,0,0,29,,,,,,,
V.Cruz,00-0027265,no,NYG,WR,,,,,,,,,,,,,,,,,,,,,,,,,,,,,,,,,,,,,,,,,,26,0,7,0,0,0,86,,,,,,,
H.Nicks,00-0027005,no,NYG,WR,,,,,,,,,,,,,,,,,,,,,,,,,,,,,,,,,,,,,,,,,,22,0,7,0,0,0,51,,,,,,,
B.Myers,00-0027135,no,NYG,TE,,,,,,,,,,,,,,,,,,,,,,,,,,,,,,,,,,,,,,,,,,27,0,3,0,0,0,42,,,,,,,
Z.DeOssie,00-0025503,no,NYG,LS,0,0,0,0,1,1,0,1,0,-35,,,,,,,,,,,,,,,,,,,,,,,,,,,,,,,,,,,,,,,,,,,,,
J.Williams,00-0028140,no,NYG,OLB,1,0,0,0,0,0,0,0,1,0,,,,,,,,,,,,,,,,,,,,,,,,,,,,,,,,,,,,,,,,,,,,,
J.Brown,00-0021940,no,NYG,K,,,,,,,,,,,5,5,46,15,0,0,0,0,0,,,,,,,,,,,,,,,,,,,,,,,,,,,,,,,,,,,,
A.Rolle,00-0023443,no,NYG,SS,1,1,1,1,4,,,,,,,,,,,,,,,4,4,0,1,0,,,,,,,,,,,,,,,,,,,,,,,,,,,,,,,
R.Randle,00-0029262,no,NYG,WR,,,,,,,,,,,,,,,,,,,,,,,,,,,,,,,,,,,,,4,5,0,2,0,,,,,,,,,,,,,,
T.Thomas,00-0026203,no,NYG,CB,1,1,0,1,10,,,,,,,,,,,,,,,,,,,,,,,,,,,,,,,,,,,,,,,,,,,,,,,,,,
M.Kiwanuka,00-0024247,no,NYG,DE,0,0,0,1,2,,,,,,,,,,,,,,,,,,,,,,,,,,,,,,,,,,,,,,,,,,,,,,,,,,
J.Pierre-Paul,00-0027867,no,NYG,DE,0,0,0,0,2,,,,,,,,,,,,,,,,,,,,,,,,,,,,,,,,,,,,,,,,,,,,,,,,,,
T.McBride,00-0025608,no,NYG,CB,0,0,0,0,2,,,,,,,,,,,,,,,,,,,,,,,,,,,,,,,,,,,,,,,,,,,,,,,,,,
J.Beason,00-0025412,no,NYG,MLB,2,0,0,0,2,,,,,,,,,,,,,,,,,,,,,,,,,,,,,,,,,,,,,,,,,,,,,,,,,,
J.Tuck,00-0023509,no,NYG,DE,0,0,0,0,2,,,,,,,,,,,,,,,,,,,,,,,,,,,,,,,,,,,,,,,,,,,,,,,,,,
W.Hill,00-0029407,no,NYG,FS,0,0,1,0,5,,,,,,,,,,,,,,,,,,,,,,,,,,,,,,,,,,,,,,,,,,,,,,,,,,
P.Amukamara,00-0027957,no,NYG,CB,0,1,0,0,5,,,,,,,,,,,,,,,,,,,,,,,,,,,,,,,,,,,,,,,,,,,,,,,,,,
C.Webster,00-0023478,no,NYG,CB,1,0,0,0,1,,,,,,,,,,,,,,,,,,,,,,,,,,,,,,,,,,,,,,,,,,,,,,,,,,
L.Joseph,00-0027885,no,NYG,DT,0,0,0,1,4,,,,,,,,,,,,,,,,,,,,,,,,,,,,,,,,,,,,,,,,,,,,,,,,,,
T.Pryor,00-0028825,yes,OAK,QB,,,,,,,,,,,,,,,,,,,,,,,,,19,10,2,0,0,0,87,,,,,,,,,,,,,,,,,,9,93,93,1,0,0,106
D.McFadden,00-0026144,yes,OAK,RB,,,,,,,,,,,,,,,,,,,,,,,,,,,,,,,,,,,,,,,,,,7,0,2,0,0,0,5,24,19,7,2,0,0,73
M.Reece,00-0026393,yes,OAK,FB,,,,,,,,,,,,,,,,,,,,,,,,,,,,,,,,,,,,,,,,,,,,,,,,,3,6,0,0,0,0,10
R.Jennings,00-0027155,yes,OAK,RB,,,,,,,,,,,,,,,,,,,,,,,,,,,,,,,,,,,,,,,,,,,,,,,,,2,5,0,0,0,0,8
D.Moore,00-0028086,yes,OAK,WR,,,,,,,,,,,,,,,,,,,,,,,,,,,,,,,,,,,,,,,,,,18,0,2,0,0,0,32,,,,,,,
R.Streater,00-0029129,yes,OAK,WR,,,,,,,,,,,,,,,,,,,,,,,,,,,,,,,,,,,,,,,,,,16,0,4,0,0,0,45,,,,,,,
J.Ford,00-0027709,yes,OAK,WR,,,,,,1,0,2,0,0,,,,,,,,,,,,,,,,,,,,,,,,,,,14,14,0,1,0,-4,0,1,0,0,0,-4,,,,,,,
J.Mastrud,00-0027445,yes,OAK,TE,,,,,,,,,,,,,,,,,,,,,,,,,,,,,,,,,,,,,,,,,,9,0,1,0,0,0,9,,,,,,,
S.Janikowski,00-0019646,yes,OAK,K,,,,,,,,,,,0,0,0,0,3,0,3,0,3,,,,,,,,,,,,,,,,,,,,,,,,,,,,,,,,,,,,
M.King,00-0029123,yes,OAK,P,,,,,,,,,,,,,,,,,,,,,,,,,,,,,,,,38,2,58,8,372,,,,,,,,,,,,,,,,,,,
T.Jones,00-0028063,yes,OAK,DB,,,,,,,,,,,,,,,,,,,,15,22,0,3,0,,,,,,,,,,,,,,,,,,,,,,,,,,,,,,,
U.Young,00-0025453,yes,OAK,SS,0,0,0,0,2,,,,,,,,,,,,,,,,,,,,,,,,,,,,,,,,,,,,,,,,,,,,,,,,,,
T.Porter,00-0026180,yes,OAK,CB,1,0,1,0,1,,,,,,,,,,,,,,,,,,,,,,,,,,,,,,,,,,,,,,,,,,,,,,,,,,
P.Sims,00-0026217,yes,OAK,DT,0,0,0,0,3,,,,,,,,,,,,,,,,,,,,,,,,,,,,,,,,,,,,,,,,,,,,,,,,,,
D.Muir,00-0024692,yes,OAK,DT,0,0,0,1,3,,,,,,,,,,,,,,,,,,,,,,,,,,,,,,,,,,,,,,,,,,,,,,,,,,
V.Walker,00-0026942,yes,OAK,DT,0,0,0,1,4,,,,,,,,,,,,,,,,,,,,,,,,,,,,,,,,,,,,,,,,,,,,,,,,,,
N.Roach,00-0024750,yes,OAK,MLB,3,0,0,0,3,,,,,,,,,,,,,,,,,,,,,,,,,,,,,,,,,,,,,,,,,,,,,,,,,,
B.Ross,00-0028601,yes,OAK,SS,1,0,0,0,5,,,,,,,,,,,,,,,,,,,,,,,,,,,,,,,,,,,,,,,,,,,,,,,,,,
C.Woodson,00-0018227,yes,OAK,FS,2,0,0,0,2,,,,,,,,,,,,,,,,,,,,,,,,,,,,,,,,,,,,,,,,,,,,,,,,,,
M.Jenkins,00-0026165,yes,OAK,CB,1,0,1,0,4,,,,,,,,,,,,,,,,,,,,,,,,,,,,,,,,,,,,,,,,,,,,,,,,,,
Ke.Burnett,00-0023477,yes,OAK,OLB,3,0,0,0,2,,,,,,,,,,,,,,,,,,,,,,,,,,,,,,,,,,,,,,,,,,,,,,,,,,
L.Houston,00-0027657,yes,OAK,DE,0,0,0,1,5,,,,,,,,,,,,,,,,,,,,,,,,,,,,,,,,,,,,,,,,,,,,,,,,,,
P.Adams,00-0027610,yes,OAK,CB,0,0,0,0,1,,,,,,,,,,,,,,,,,,,,,,,,,,,,,,,,,,,,,,,,,,,,,,,,,,
S.McGee,00-0030515,yes,OAK,DT,0,0,0,0,1,,,,,,,,,,,,,,,,,,,,,,,,,,,,,,,,,,,,,,,,,,,,,,,,,,
S.Moore,00-0030529,yes,OAK,OLB,1,0,0,2,4,,,,,,,,,,,,,,,,,,,,,,,,,,,,,,,,,,,,,,,,,,,,,,,,,,
K.Maiava,00-0027074,yes,OAK,OLB,1,0,0,0,0,,,,,,,,,,,,,,,,,,,,,,,,,,,,,,,,,,,,,,,,,,,,,,,,,,
D.Hayden,00-0030572,yes,OAK,CB,0,0,0,0,5,,,,,,,,,,,,,,,,,,,,,,,,,,,,,,,,,,,,,,,,,,,,,,,,,,
B.Roethlisberger,00-0022924,no,PIT,QB,,,,,,,,,,,,,,,,,,,,,,,,,45,29,2,1,0,0,275,,,,,,,,,,,,,,,,,,1,1,0,0,0,0,1
F.Jones,00-0026162,no,PIT,RB,,,,,,,,,,,,,,,,,,,,,,,,,,,,,,,,,,,,,,,,,,11,0,2,0,0,0,20,1,-1,0,0,0,0,-1
J.Dwyer,00-0027786,no,PIT,RB,,,,,,,,,,,,,,,,,,,,25,25,0,1,0,,,,,,,,,,,,,,,,,,,,,,,,,3,8,0,0,0,0,9
A.Brown,00-0027793,no,PIT,WR,,,,,,,,,,,,,,,,,,,,,,,,,,,,,,,,,,,,,11,44,0,4,0,21,0,9,0,0,0,82,1,2,0,0,0,0,2
L.Bell,00-0030496,no,PIT,RB,,,,,,,,,,,,,,,,,,,,,,,,,,,,,,,,,,,,,,,,,,11,0,5,0,0,0,27,13,8,2,1,0,0,24
E.Sanders,00-0027685,no,PIT,WR,,,,,,,,,,,,,,,,,,,,,,,,,,,,,,,,,,,,,,,,,,33,9,7,1,0,0,88,,,,,,,
H.Miller,00-0023465,no,PIT,TE,,,,,,,,,,,,,,,,,,,,,,,,,,,,,,,,,,,,,,,,,,10,0,3,0,0,0,19,,,,,,,
J.Cotchery,00-0022811,no,PIT,WR,,,,,,,,,,,,,,,,,,,,,,,,,,,,,,,,,,,,,,,,,,17,0,3,0,0,0,39,,,,,,,
B.Keisel,00-0021344,no,PIT,DE,2,0,0,1,3,0,0,0,1,0,,,,,,,,,,,,,,,,,,,,,,,,,,,,,,,,,,,,,,,,,,,,,
S.Suisham,00-0023001,no,PIT,K,,,,,,,,,,,3,1,47,3,1,0,1,0,1,,,,,,,,,,,,,,,,,,,,,,,,,,,,,,,,,,,,
Z.Mesko,00-0027749,no,PIT,P,,,,,,,,,,,,,,,,,,,,,,,,,,,,,,,,35,1,65,7,299,,,,,,,,,,,,,,,,,,,
T.Polamalu,00-0022119,no,PIT,SS,0,0,1,1,3,,,,,,,,,,,,,,,,,,,,,,,,,,,,,,,,,,,,,,,,,,,,,,,,,,
J.Worilds,00-0027889,no,PIT,OLB,1,0,0,0,1,,,,,,,,,,,,,,,,,,,,,,,,,,,,,,,,,,,,,,,,,,,,,,,,,,
W.Gay,00-0025557,no,PIT,CB,0,0,0,0,4,,,,,,,,,,,,,,,,,,,,,,,,,,,,,,,,,,,,,,,,,,,,,,,,,,
C.Allen,00-0028066,no,PIT,CB,0,0,1,0,1,,,,,,,,,,,,,,,,,,,,,,,,,,,,,,,,,,,,,,,,,,,,,,,,,,
J.Jones,00-0030499,no,PIT,OLB,1,0,0,0,0,,,,,,,,,,,,,,,,,,,,,,,,,,,,,,,,,,,,,,,,,,,,,,,,,,
S.McLendon,00-0026564,no,PIT,NT,0,0,0,0,4,,,,,,,,,,,,,,,,,,,,,,,,,,,,,,,,,,,,,,,,,,,,,,,,,,
R.Clark,00-0020840,no,PIT,FS,3,0,0,0,9,,,,,,,,,,,,,,,,,,,,,,,,,,,,,,,,,,,,,,,,,,,,,,,,,,
C.Heyward,00-0027969,no,PIT,DE,3,0,0,0,3,,,,,,,,,,,,,,,,,,,,,,,,,,,,,,,,,,,,,,,,,,,,,,,,,,
L.Timmons,00-0025402,no,PIT,ILB,2,1,0,0,6,,,,,,,,,,,,,,,,,,,,,,,,,,,,,,,,,,,,,,,,,,,,,,,,,,
I.Taylor,00-0021891,no,PIT,CB,0,0,0,0,3,,,,,,,,,,,,,,,,,,,,,,,,,,,,,,,,,,,,,,,,,,,,,,,,,,
V.Williams,00-0030434,no,PIT,ILB,0,0,0,0,3,,,,,,,,,,,,,,,,,,,,,,,,,,,,,,,,,,,,,,,,,,,,,,,,,,
A.Dalton,00-0027973,yes,CIN,QB,,,,,,,,,,,,,,,,,,,,,,,,,30,19,1,5,0,0,325,,,,,,,,,,,,,,,,,,,,,,,,
J.Johnson,00-0026300,yes,CIN,QB,,,,,,0,1,1,1,0,,,,,,,,,,,,,,,,,,,,,,,,,,,,,,,,,,,,,,,3,10,0,0,0,0,17
G.Bernard,00-0030456,yes,CIN,RB,,,,,,,,,,,,,,,,,,,,,,,,,,,,,,,,,,,,,,,,,,9,0,1,0,0,0,9,5,5,0,0,0,0,18
B.Green-Ellis,00-0025860,yes,CIN,RB,,,,,,,,,,,,,,,,,,,,,,,,,,,,,,,,,,,,,,,,,,,,,,,,,11,6,0,0,0,0,33
C.Peerman,00-0026932,yes,CIN,RB,,,,,,,,,,,,,,,,,,,,,,,,,,,,,,,,,,,,,,,,,,,,,,,,,6,5,0,0,0,0,11
D.Sanzenbacher,00-0028352,yes,CIN,WR,,,,,,,,,,,,,,,,,,,,,,,,,,,,,,,,,,,,,,,,,,9,0,2,0,0,0,18,,,,,,,
J.Gresham,00-0027873,yes,CIN,TE,,,,,,,,,,,,,,,,,,,,,,,,,,,,,,,,,,,,,,,,,,10,4,2,1,0,0,14,,,,,,,
A.Green,00-0027942,yes,CIN,WR,,,,,,,,,,,,,,,,,,,,,,,,,,,,,,,,,,,,,,,,,,53,0,3,0,0,0,115,,,,,,,
M.Jones,00-0029293,yes,CIN,WR,,,,,,,,,,,,,,,,,,,,,,,,,,,,,,,,,,,,,,,,,,45,14,8,4,0,0,122,,,,,,,
M.Sanu,00-0029632,yes,CIN,WR,,,,,,,,,,,,,,,,,,,,,,,,,,,,,,,,,,,,,,,,,,24,0,1,0,0,0,24,,,,,,,
T.Eifert,00-0030549,yes,CIN,TE,,,,,,,,,,,,,,,,,,,,,,,,,,,,,,,,,,,,,,,,,,16,0,2,0,0,0,23,,,,,,,
B.Tate,00-0027057,yes,CIN,WR,,,,,,0,1,1,1,0,,,,,,,,,,33,71,0,4,0,,,,,,,,,,,,,6,13,0,3,0,,,,,,,,,,,,,,
M.Nugent,00-0023482,yes,CIN,K,,,,,,,,,,,0,0,0,0,7,0,7,0,7,,,,,,,,,,,,,,,,,,,,,,,,,,,,,,,,,,,,
K.Huber,00-0027103,yes,CIN,P,,,,,,,,,,,,,,,,,,,,,,,,,,,,,,,,50,1,58,3,161,,,,,,,,,,,,,,,,,,,
A.Jones,00-0023441,yes,CIN,CB,1,0,1,0,6,,,,,,,,,,,,,,,,,,,,,,,,,,,,,,,,1,1,0,1,0,,,,,,,,,,,,,,
C.Dunlap,00-0027662,yes,CIN,DE,1,0,0,0,0,,,,,,,,,,,,,,,,,,,,,,,,,,,,,,,,,,,,,,,,,,,,,,,,,,
M.Johnson,00-0027044,yes,CIN,DE,2,0,0,0,1,,,,,,,,,,,,,,,,,,,,,,,,,,,,,,,,,,,,,,,,,,,,,,,,,,
V.Rey,00-0027245,yes,CIN,MLB,0,0,0,0,1,,,,,,,,,,,,,,,,,,,,,,,,,,,,,,,,,,,,,,,,,,,,,,,,,,
C.Crocker,00-0022167,yes,CIN,DB,1,0,1,0,4,,,,,,,,,,,,,,,,,,,,,,,,,,,,,,,,,,,,,,,,,,,,,,,,,,
B.Thompson,00-0029684,yes,CIN,DT,3,0,0,1,1,,,,,,,,,,,,,,,,,,,,,,,,,,,,,,,,,,,,,,,,,,,,,,,,,,
D.Kirkpatrick,00-0029560,yes,CIN,CB,1,0,0,0,1,,,,,,,,,,,,,,,,,,,,,,,,,,,,,,,,,,,,,,,,,,,,,,,,,,
J.Harrison,00-0020712,yes,CIN,OLB,4,0,0,1,2,,,,,,,,,,,,,,,,,,,,,,,,,,,,,,,,,,,,,,,,,,,,,,,,,,
V.Burfict,00-0028912,yes,CIN,OLB,4,0,0,0,7,,,,,,,,,,,,,,,,,,,,,,,,,,,,,,,,,,,,,,,,,,,,,,,,,,
R.Nelson,00-0025408,yes,CIN,FS,0,0,0,1,2,,,,,,,,,,,,,,,,,,,,,,,,,,,,,,,,,,,,,,,,,,,,,,,,,,
T.Newman,00-0022045,yes,CIN,CB,0,0,0,0,3,,,,,,,,,,,,,,,,,,,,,,,,,,,,,,,,,,,,,,,,,,,,,,,,,,
D.Peko,00-0024338,yes,CIN,DT,2,0,0,0,0,,,,,,,,,,,,,,,,,,,,,,,,,,,,,,,,,,,,,,,,,,,,,,,,,,
S.Williams,00-0030471,yes,CIN,SS,1,0,0,0,1,,,,,,,,,,,,,,,,,,,,,,,,,,,,,,,,,,,,,,,,,,,,,,,,,,
G.Atkins,00-0027720,yes,CIN,DT,0,0,0,1,1,,,,,,,,,,,,,,,,,,,,,,,,,,,,,,,,,,,,,,,,,,,,,,,,,,
M.Hunt,00-0030449,yes,CIN,DE,1,0,0,0,0,,,,,,,,,,,,,,,,,,,,,,,,,,,,,,,,,,,,,,,,,,,,,,,,,,
G.Iloka,00-0029215,yes,CIN,SS,0,0,0,0,1,,,,,,,,,,,,,,,,,,,,,,,,,,,,,,,,,,,,,,,,,,,,,,,,,,
J.DiManche,00-0029815,yes,CIN,LB,1,0,0,0,1,,,,,,,,,,,,,,,,,,,,,,,,,,,,,,,,,,,,,,,,,,,,,,,,,,
B.Ghee,00-0027697,yes,CIN,DB,2,0,0,0,0,,,,,,,,,,,,,,,,,,,,,,,,,,,,,,,,,,,,,,,,,,,,,,,,,,
T.Mays,00-0027887,yes,CIN,FS,0,0,0,0,1,,,,,,,,,,,,,,,,,,,,,,,,,,,,,,,,,,,,,,,,,,,,,,,,,,
R.Maualuga,00-0027014,yes,CIN,MLB,1,0,0,0,1,,,,,,,,,,,,,,,,,,,,,,,,,,,,,,,,,,,,,,,,,,,,,,,,,,
M.Boley,00-0023593,yes,CIN,LB,1,0,0,0,4,,,,,,,,,,,,,,,,,,,,,,,,,,,,,,,,,,,,,,,,,,,,,,,,,,
G.Smith,00-0030565,no,NYJ,QB,,,,,,,,,,,,,,,,,,,,,,,,,30,20,2,0,0,0,159,,,,,,,,,,,,,,,,,,2,5,0,0,0,0,8
M.Simms,00-0029151,no,NYJ,QB,,,,,,,,,,,,,,,,,,,,,,,,,7,3,0,0,0,0,17,,,,,,,,,,,,,,,,,,3,22,0,0,0,0,35
A.Green,00-0028034,no,NYJ,RB,,,,,,,,,,,,,,,,,,,,,,,,,,,,,,,,,,,,,,,,,,7,0,1,0,0,0,7,3,9,0,0,0,0,20
C.Ivory,00-0027531,no,NYJ,RB,,,,,,,,,,,,,,,,,,,,,,,,,,,,,,,,,,,,,,,,,,,,,,,,,6,5,0,0,0,0,11
B.Powell,00-0028064,no,NYJ,RB,,,,,,,,,,,,,,,,,,,,,,,,,,,,,,,,,,,,,,,,,,17,0,4,0,0,0,20,10,7,0,0,0,0,19
S.Hill,00-0028995,no,NYJ,WR,,,,,,,,,,,,,,,,,,,,,,,,,,,,,,,,,,,,,,,,,,8,0,4,0,0,0,23,,,,,,,
J.Kerley,00-0028091,no,NYJ,WR,,,,,,,,,,,,,,,,,,,,,,,,,,,,,,,,,,,,,,,,,,14,0,3,0,0,0,27,,,,,,,
Z.Sudfeld,00-0029999,no,NYJ,TE,,,,,,,,,,,,,,,,,,,,,,,,,,,,,,,,,,,,,,,,,,5,0,2,0,0,0,10,,,,,,,
D.Nelson,00-0027322,no,NYJ,WR,,,,,,,,,,,,,,,,,,,,,,,,,,,,,,,,,,,,,,,,,,26,0,8,0,0,0,80,,,,,,,
J.Cumberland,00-0027321,no,NYJ,TE,,,,,,,,,,,,,,,,,,,,,,,,,,,,,,,,,,,,,,,,,,9,0,1,0,0,0,9,,,,,,,
N.Folk,00-0025565,no,NYJ,K,,,,,,,,,,,3,3,50,9,0,0,0,0,0,,,,,,,,,,,,,,,,,,,,,,,,,,,,,,,,,,,,
R.Quigley,00-0029493,no,NYJ,P,,,,,,,,,,,,,,,,,,,,,,,,,,,,,,,,46,2,56,5,248,,,,,,,,,,,,,,,,,,,
J.Cribbs,00-0023176,no,NYJ,WR,,,,,,,,,,,,,,,,,,,,26,36,0,5,0,,,,,,,,,,,,,5,10,0,2,0,,,,,,,,,,,,,,
T.Davis,00-0030164,no,NYJ,LB,,,,,,,,,,,,,,,,,,,,7,7,0,1,0,,,,,,,,,,,,,,,,,,,,,,,,,,,,,,,
K.Wilson,00-0027879,no,NYJ,CB,0,0,0,0,1,,,,,,,,,,,,,,,,,,,,,,,,,,,,,,,,,,,,,,,,,,,,,,,,,,
D.Davis,00-0029607,no,NYJ,ILB,2,0,0,0,1,,,,,,,,,,,,,,,,,,,,,,,,,,,,,,,,,,,,,,,,,,,,,,,,,,
D.Landry,00-0024360,no,NYJ,SS,3,0,0,0,2,,,,,,,,,,,,,,,,,,,,,,,,,,,,,,,,,,,,,,,,,,,,,,,,,,
G.McIntyre,00-0023904,no,NYJ,OLB,0,0,0,0,2,,,,,,,,,,,,,,,,,,,,,,,,,,,,,,,,,,,,,,,,,,,,,,,,,,
D.Harrison,00-0029040,no,NYJ,NT,4,0,0,0,3,,,,,,,,,,,,,,,,,,,,,,,,,,,,,,,,,,,,,,,,,,,,,,,,,,
J.Bush,00-0029143,no,NYJ,DB,1,0,0,0,2,,,,,,,,,,,,,,,,,,,,,,,,,,,,,,,,,,,,,,,,,,,,,,,,,,
D.Harris,00-0025434,no,NYJ,ILB,1,0,0,0,0,,,,,,,,,,,,,,,,,,,,,,,,,,,,,,,,,,,,,,,,,,,,,,,,,,
A.Cromartie,00-0024234,no,NYJ,CB,0,0,0,0,2,,,,,,,,,,,,,,,,,,,,,,,,,,,,,,,,,,,,,,,,,,,,,,,,,,
J.Jarrett,00-0027992,no,NYJ,FS,0,0,0,0,1,,,,,,,,,,,,,,,,,,,,,,,,,,,,,,,,,,,,,,,,,,,,,,,,,,
E.Lankster,00-0027144,no,NYJ,DB,1,0,0,0,0,,,,,,,,,,,,,,,,,,,,,,,,,,,,,,,,,,,,,,,,,,,,,,,,,,
A.Allen,00-0029553,no,NYJ,FS,3,0,0,0,4,,,,,,,,,,,,,,,,,,,,,,,,,,,,,,,,,,,,,,,,,,,,,,,,,,
C.Pace,00-0022120,no,NYJ,OLB,0,0,0,0,4,,,,,,,,,,,,,,,,,,,,,,,,,,,,,,,,,,,,,,,,,,,,,,,,,,
M.Wilkerson,00-0027968,no,NYJ,DE,2,0,1,1,2,,,,,,,,,,,,,,,,,,,,,,,,,,,,,,,,,,,,,,,,,,,,,,,,,,
K.Ellis,00-0028032,no,NYJ,DE,1,0,0,0,0,,,,,,,,,,,,,,,,,,,,,,,,,,,,,,,,,,,,,,,,,,,,,,,,,,
Q.Coples,00-0029559,no,NYJ,OLB,3,0,0,0,2,,,,,,,,,,,,,,,,,,,,,,,,,,,,,,,,,,,,,,,,,,,,,,,,,,
S.Richardson,00-0030573,no,NYJ,DE,2,0,0,0,0,,,,,,,,,,,,,,,,,,,,,,,,,,,,,,,,,,,,,,,,,,,,,,,,,,
D.Milliner,00-0030592,no,NYJ,CB,0,0,0,0,2,,,,,,,,,,,,,,,,,,,,,,,,,,,,,,,,,,,,,,,,,,,,,,,,,,
D.Walls,00-0028334,no,NYJ,CB,2,0,0,0,0,,,,,,,,,,,,,,,,,,,,,,,,,,,,,,,,,,,,,,,,,,,,,,,,,,
C.Palmer,00-0021429,yes,ARI,QB,,,,,,,,,,,,,,,,,,,,,,,,,18,13,1,2,0,0,172,,,,,,,,,,,,,,,,,,1,9,0,0,0,0,9
A.Ellington,00-0030287,yes,ARI,RB,,,,,,0,1,1,1,0,,,,,,,,,,,,,,,,,,,,,,,,,,,,,,,,6,0,2,0,0,0,8,15,80,80,1,0,0,154
S.Taylor,00-0030282,yes,ARI,RB,,,,,,,,,,,,,,,,,,,,,,,,,,,,,,,,,,,,,,,,,,,,,,,,,14,15,0,0,0,0,38
P.Peterson,00-0027943,yes,ARI,CB,0,0,0,0,2,,,,,,,,,,,,,,,,,,,,,,,,,,,,,,,,-2,3,0,2,0,13,0,1,0,0,0,13,,,,,,,
M.Floyd,00-0029638,yes,ARI,WR,,,,,,,,,,,,,,,,,,,,,,,,,,,,,,,,,,,,,,,,,,15,15,3,1,0,0,30,,,,,,,
R.Housler,00-0028007,yes,ARI,TE,,,,,,,,,,,,,,,,,,,,,,,,,,,,,,,,,,,,,,,,,,14,0,1,0,0,0,14,,,,,,,
A.Roberts,00-0027691,yes,ARI,WR,,,,,,,,,,,,,,,,,,,,,,,,,,,,,,,,,,,,,,,,,,8,0,1,0,0,0,8,,,,,,,
L.Fitzgerald,00-0022921,yes,ARI,WR,,,,,,,,,,,,,,,,,,,,,,,,,,,,,,,,,,,,,,,,,,20,10,4,1,0,0,48,,,,,,,
T.Williams,00-0027853,yes,ARI,WR,,,,,,,,,,,,,,,,,,,,,,,,,,,,,,,,,,,,,,,,,,51,0,1,0,0,0,51,,,,,,,
J.Feely,00-0019770,yes,ARI,K,,,,,,,,,,,2,2,39,6,3,0,3,0,3,,,,,,,,,,,,,,,,,,,,,,,,,,,,,,,,,,,,
D.Zastudil,00-0021235,yes,ARI,P,,,,,,,,,,,,,,,,,,,,,,,,,,,,,,,,37,1,57,5,232,,,,,,,,,,,,,,,,,,,
J.Abraham,00-0019546,yes,ARI,OLB,0,0,0,1,2,,,,,,,,,,,,,,,,,,,,,,,,,,,,,,,,,,,,,,,,,,,,,,,,,,
F.Rucker,00-0024306,yes,ARI,DE,0,0,0,1,1,,,,,,,,,,,,,,,,,,,,,,,,,,,,,,,,,,,,,,,,,,,,,,,,,,
C.Campbell,00-0026190,yes,ARI,DE,0,0,0,1,5,,,,,,,,,,,,,,,,,,,,,,,,,,,,,,,,,,,,,,,,,,,,,,,,,,
J.Powers,00-0027064,yes,ARI,CB,1,0,0,0,4,,,,,,,,,,,,,,,,,,,,,,,,,,,,,,,,,,,,,,,,,,,,,,,,,,
Y.Bell,00-0022067,yes,ARI,SS,0,0,0,0,3,,,,,,,,,,,,,,,,,,,,,,,,,,,,,,,,,,,,,,,,,,,,,,,,,,
M.Benard,00-0026742,yes,ARI,LB,0,0,0,1,3,,,,,,,,,,,,,,,,,,,,,,,,,,,,,,,,,,,,,,,,,,,,,,,,,,
M.Shaughnessy,00-0027045,yes,ARI,OLB,0,0,0,0,1,,,,,,,,,,,,,,,,,,,,,,,,,,,,,,,,,,,,,,,,,,,,,,,,,,
T.Mathieu,00-0030459,yes,ARI,FS,1,0,1,0,6,,,,,,,,,,,,,,,,,,,,,,,,,,,,,,,,,,,,,,,,,,,,,,,,,,
J.Arenas,00-0027660,yes,ARI,CB,0,0,0,0,2,,,,,,,,,,,,,,,,,,,,,,,,,,,,,,,,,,,,,,,,,,,,,,,,,,
D.Dockett,00-0022930,yes,ARI,DE,0,0,0,0,4,,,,,,,,,,,,,,,,,,,,,,,,,,,,,,,,,,,,,,,,,,,,,,,,,,
D.Washington,00-0027886,yes,ARI,ILB,1,0,1,0,5,,,,,,,,,,,,,,,,,,,,,,,,,,,,,,,,,,,,,,,,,,,,,,,,,,
K.Dansby,00-0022927,yes,ARI,ILB,1,0,0,0,8,,,,,,,,,,,,,,,,,,,,,,,,,,,,,,,,,,,,,,,,,,,,,,,,,,
R.Johnson,00-0027067,yes,ARI,FS,0,0,2,0,1,,,,,,,,,,,,,,,,,,,,,,,,,,,,,,,,,,,,,,,,,,,,,,,,,,
M.Ryan,00-0026143,no,ATL,QB,,,,,,,,,,,,,,,,,,,,,,,,,61,34,4,1,0,0,301,,,,,,,,,,,,,,,,,,1,13,0,0,0,0,13
J.Rodgers,00-0028083,no,ATL,RB,,,,,,,,,,,,,,,,,,,,27,27,0,2,0,,,,,,,,,,,,,,,,,,6,0,2,0,0,0,11,2,6,0,0,0,0,8
S.Jackson,00-0022736,no,ATL,RB,,,,,,,,,,,,,,,,,,,,,,,,,,,,,,,,,,,,,,,,,,6,0,3,0,0,0,7,11,4,0,0,0,0,6
D.Johnson,00-0029778,no,ATL,WR,,,,,,,,,,,,,,,,,,,,,,,,,,,,,,,,,,,,,,,,,,14,0,4,0,0,0,40,,,,,,,
T.Gonzalez,00-0006101,no,ATL,TE,,,,,,,,,,,,,,,,,,,,,,,,,,,,,,,,,,,,,,,,,,10,0,3,0,0,0,26,,,,,,,
H.Douglas,00-0026224,no,ATL,WR,,,,,,,,,,,,,,,,,,,,,,,,,,,,,,,,,,,,,,,,,,25,0,12,0,0,0,121,,,,,,,
L.Toilolo,00-0030443,no,ATL,TE,,,,,,,,,,,,,,,,,,,,,,,,,,,,,,,,,,,,,,,,,,7,0,3,0,0,0,6,,,,,,,
D.Davis,00-0028307,no,ATL,WR,,,,,,,,,,,,,,,,,,,,,,,,,,,,,,,,,,,,,,,,,,20,4,5,1,0,0,77,,,,,,,
P.DiMarco,00-0028581,no,ATL,FB,,,,,,,,,,,,,,,,,,,,,,,,,,,,,,,,,,,,,,,,,,11,0,2,0,0,0,13,,,,,,,
M.Bryant,00-0020578,no,ATL,K,,,,,,,,,,,2,2,30,6,1,0,1,0,1,,,,,,,,,,,,,,,,,,,,,,,,,,,,,,,,,,,,
M.Bosher,00-0028130,no,ATL,P,,,,,,,,,,,,,,,,,,,,,,,,,,,,,,,,47,2,57,4,183,,,,,,,,,,,,,,,,,,,
R.McClain,00-0027840,no,ATL,CB,,,,,,,,,,,,,,,,,,,,,,,,,,,,,,,,,,,,,13,14,0,2,0,,,,,,,,,,,,,,
M.Goodman,00-0030424,no,ATL,DE,0,0,0,0,1,,,,,,,,,,,,,,,,,,,,,,,,,,,,,,,,,,,,,,,,,,,,,,,,,,
C.Peters,00-0027686,no,ATL,DT,0,0,0,1,3,,,,,,,,,,,,,,,,,,,,,,,,,,,,,,,,,,,,,,,,,,,,,,,,,,
C.Matthews,00-0028168,no,ATL,DE,0,0,0,0,1,,,,,,,,,,,,,,,,,,,,,,,,,,,,,,,,,,,,,,,,,,,,,,,,,,
T.DeCoud,00-0026238,no,ATL,FS,0,0,0,0,3,,,,,,,,,,,,,,,,,,,,,,,,,,,,,,,,,,,,,,,,,,,,,,,,,,
R.Alford,00-0030528,no,ATL,CB,0,0,0,0,2,,,,,,,,,,,,,,,,,,,,,,,,,,,,,,,,,,,,,,,,,,,,,,,,,,
J.Bartu,00-0029770,no,ATL,OLB,1,0,0,0.5,4,,,,,,,,,,,,,,,,,,,,,,,,,,,,,,,,,,,,,,,,,,,,,,,,,,
A.Dent,00-0028029,no,ATL,MLB,0,0,0,0,3,,,,,,,,,,,,,,,,,,,,,,,,,,,,,,,,,,,,,,,,,,,,,,,,,,
P.Worrilow,00-0029792,no,ATL,OLB,0,0,0,0,6,,,,,,,,,,,,,,,,,,,,,,,,,,,,,,,,,,,,,,,,,,,,,,,,,,
W.Moore,00-0027031,no,ATL,SS,0,0,0,0,3,,,,,,,,,,,,,,,,,,,,,,,,,,,,,,,,,,,,,,,,,,,,,,,,,,
O.Umenyiora,00-0021977,no,ATL,DE,0,0,0,0,2,,,,,,,,,,,,,,,,,,,,,,,,,,,,,,,,,,,,,,,,,,,,,,,,,,
A.Samuel,00-0021956,no,ATL,CB,0,0,1,0,3,,,,,,,,,,,,,,,,,,,,,,,,,,,,,,,,,,,,,,,,,,,,,,,,,,
J.Massaquoi,00-0029617,no,ATL,DE,1,0,0,0,1,,,,,,,,,,,,,,,,,,,,,,,,,,,,,,,,,,,,,,,,,,,,,,,,,,
P.Jerry,00-0027000,no,ATL,DT,1,0,0,0.5,0,,,,,,,,,,,,,,,,,,,,,,,,,,,,,,,,,,,,,,,,,,,,,,,,,,
J.Babineaux,00-0023494,no,ATL,DT,0,1,0,1,7,,,,,,,,,,,,,,,,,,,,,,,,,,,,,,,,,,,,,,,,,,,,,,,,,,
D.Trufant,00-0030562,no,ATL,CB,1,0,0,0,3,,,,,,,,,,,,,,,,,,,,,,,,,,,,,,,,,,,,,,,,,,,,,,,,,,
P.Manning,00-0010346,yes,DEN,QB,,,,,,1,0,1,0,0,,,,,,,,,,,,,,,44,30,3,4,0,0,354,,,,,,,,,,,,,,,,,,4,0,0,0,0,0,-3
K.Moreno,00-0026988,yes,DEN,RB,,,,,,,,,,,,,,,,,,,,,,,,,,,,,,,,,,,,,,,,,,35,35,6,1,0,0,89,14,8,0,0,0,0,44
T.Holliday,00-0027606,yes,DEN,WR,,,,,,,,,,,,,,,,,,,,30,30,0,1,0,,,,,,,,,,,,,10,10,0,1,0,,,,,,,,1,7,0,0,0,0,7
M.Ball,00-0030522,yes,DEN,RB,,,,,,,,,,,,,,,,,,,,,,,,,,,,,,,,,,,,,,,,,,,,,,,,,11,8,4,1,0,0,37
C.Anderson,00-0029854,yes,DEN,RB,,,,,,,,,,,,,,,,,,,,,,,,,,,,,,,,,,,,,,,,,,,,,,,,,4,11,0,0,0,0,22
J.Tamme,00-0026267,yes,DEN,TE,,,,,,,,,,,,,,,,,,,,,,,,,,,,,,,,,,,,,,,,,,15,0,1,0,0,0,15,,,,,,,
W.Welker,00-0022427,yes,DEN,WR,,,,,,,,,,,,,,,,,,,,,,,,,,,,,,,,,,,,,,,,,,24,6,6,1,0,0,81,,,,,,,
A.Caldwell,00-0026237,yes,DEN,WR,,,,,,,,,,,,,,,,,,,,,,,,,,,,,,,,,,,,,,,,,,14,0,1,0,0,0,14,,,,,,,
J.Thomas,00-0028067,yes,DEN,TE,,,,,,,,,,,,,,,,,,,,,,,,,,,,,,,,,,,,,,,,,,19,0,3,0,0,0,29,,,,,,,
D.Thomas,00-0027874,yes,DEN,WR,,,,,,,,,,,,,,,,,,,,,,,,,,,,,,,,,,,,,,,,,,35,35,7,1,0,0,75,,,,,,,
E.Decker,00-0027690,yes,DEN,WR,,,,,,,,,,,,,,,,,,,,,,,,,,,,,,,,,,,,,,,,,,19,0,4,0,0,0,42,,,,,,,
J.Dreessen,00-0023630,yes,DEN,TE,,,,,,,,,,,,,,,,,,,,,,,,,,,,,,,,,,,,,,,,,,8,1,2,1,0,0,9,,,,,,,
D.Wolfe,00-0029586,yes,DEN,DE,1,0,0,1,1,0,0,0,1,1,,,,,,,,,,,,,,,,,,,,,,,,,,,,,,,,,,,,,,,,,,,,,
M.Prater,00-0023853,yes,DEN,K,,,,,,,,,,,1,1,19,3,6,0,6,0,6,,,,,,,,,,,,,,,,,,,,,,,,,,,,,,,,,,,,
B.Colquitt,00-0026516,yes,DEN,P,,,,,,,,,,,,,,,,,,,,,,,,,,,,,,,,37,1,55,3,147,,,,,,,,,,,,,,,,,,,
T.Knighton,00-0027046,yes,DEN,DT,0,0,0,1,2,,,,,,,,,,,,,,,,,,,,,,,,,,,,,,,,,,,,,,,,,,,,,,,,,,
D.Ihenacho,00-0028942,yes,DEN,SS,0,0,0,0,3,,,,,,,,,,,,,,,,,,,,,,,,,,,,,,,,,,,,,,,,,,,,,,,,,,
K.Webster,00-0030523,yes,DEN,CB,0,0,0,0,2,,,,,,,,,,,,,,,,,,,,,,,,,,,,,,,,,,,,,,,,,,,,,,,,,,
C.Harris,00-0028224,yes,DEN,CB,0,0,1,0,3,,,,,,,,,,,,,,,,,,,,,,,,,,,,,,,,,,,,,,,,,,,,,,,,,,
M.Adams,00-0022247,yes,DEN,FS,2,0,0,0,1,,,,,,,,,,,,,,,,,,,,,,,,,,,,,,,,,,,,,,,,,,,,,,,,,,
D.R-Cromartie,00-0026156,yes,DEN,CB,1,0,1,0,4,,,,,,,,,,,,,,,,,,,,,,,,,,,,,,,,,,,,,,,,,,,,,,,,,,
S.Phillips,00-0022723,yes,DEN,DE,1,0,1,0,0,,,,,,,,,,,,,,,,,,,,,,,,,,,,,,,,,,,,,,,,,,,,,,,,,,
N.Irving,00-0028005,yes,DEN,OLB,1,0,0,0,0,,,,,,,,,,,,,,,,,,,,,,,,,,,,,,,,,,,,,,,,,,,,,,,,,,
R.Ayers,00-0026994,yes,DEN,DE,0,0,0,0,3,,,,,,,,,,,,,,,,,,,,,,,,,,,,,,,,,,,,,,,,,,,,,,,,,,
K.Vickerson,00-0023648,yes,DEN,DT,0,0,0,0,1,,,,,,,,,,,,,,,,,,,,,,,,,,,,,,,,,,,,,,,,,,,,,,,,,,
R.Moore,00-0027983,yes,DEN,FS,0,0,1,0,6,,,,,,,,,,,,,,,,,,,,,,,,,,,,,,,,,,,,,,,,,,,,,,,,,,
M.Unrein,00-0027573,yes,DEN,DT,0,0,0,0,1,,,,,,,,,,,,,,,,,,,,,,,,,,,,,,,,,,,,,,,,,,,,,,,,,,
D.Trevathan,00-0029577,yes,DEN,OLB,4,1,0,0,6,,,,,,,,,,,,,,,,,,,,,,,,,,,,,,,,,,,,,,,,,,,,,,,,,,
V.Miller,00-0027940,yes,DEN,OLB,1,1,0,1,4,,,,,,,,,,,,,,,,,,,,,,,,,,,,,,,,,,,,,,,,,,,,,,,,,,
W.Woodyard,00-0025828,yes,DEN,MLB,1,0,0,0,4,,,,,,,,,,,,,,,,,,,,,,,,,,,,,,,,,,,,,,,,,,,,,,,,,,
Q.Jammer,00-0021381,yes,DEN,CB,0,0,0,0,1,,,,,,,,,,,,,,,,,,,,,,,,,,,,,,,,,,,,,,,,,,,,,,,,,,
M.Jackson,00-0029568,yes,DEN,DE,1,0,0,0,0,,,,,,,,,,,,,,,,,,,,,,,,,,,,,,,,,,,,,,,,,,,,,,,,,,
R.Griffin,00-0029665,no,WAS,QB,,,,,,1,0,2,0,-4,,,,,,,,,,,,,,,30,15,2,1,0,0,132,,,,,,,,,,,,,,,,,,5,4,0,0,0,0,7
K.Cousins,00-0029604,no,WAS,QB,,,,,,,,,,,,,,,,,,,,,,,,,9,5,2,0,0,0,48,,,,,,,,,,,,,,,,,,1,1,0,0,0,0,1
R.Helu,00-0028043,no,WAS,RB,,,,,,0,1,0,1,0,,,,,,,,,,,,,,,,,,,,,,,,,,,,,,,,14,0,1,0,0,0,14,5,4,0,0,0,0,11
A.Morris,00-0029141,no,WAS,RB,,,,,,0,0,1,0,0,,,,,,,,,,,,,,,,,,,,,,,,,,,,,,,,,,,,,,,17,27,1,1,0,0,93
S.Moss,00-0020494,no,WAS,WR,,,,,,,,,,,,,,,,,,,,,,,,,,,,,,,,,,,,,,,,,,10,0,2,0,0,0,20,,,,,,,
P.Garcon,00-0026345,no,WAS,WR,,,,,,,,,,,,,,,,,,,,,,,,,,,,,,,,,,,,,,,,,,14,0,7,0,0,0,46,,,,,,,
J.Morgan,00-0026314,no,WAS,WR,,,,,,,,,,,,,,,,,,,,,,,,,,,,,,,,,,,,,18,34,0,2,0,3,0,1,0,0,0,3,,,,,,,
J.Reed,00-0030472,no,WAS,TE,,,,,,,,,,,,,,,,,,,,,,,,,,,,,,,,,,,,,,,,,,17,0,8,0,0,0,90,,,,,,,
L.Hankerson,00-0028017,no,WAS,WR,,,,,,,,,,,,,,,,,,,,,,,,,,,,,,,,,,,,,,,,,,7,7,1,1,0,0,7,,,,,,,
L.Paulsen,00-0027215,no,WAS,TE,,,,,,0,1,0,1,0,,,,,,,,,,,,,,,,,,,,,,,,,,,,,,,,,,,,,,,,,,,,,
B.Orakpo,00-0026989,no,WAS,OLB,,,,,,0,0,0,1,0,,,,,,,,,,,,,,,,,,,,,,,,,,,,,,,,,,,,,,,,,,,,,
K.Forbath,00-0028787,no,WAS,K,,,,,,,,,,,0,0,0,0,3,0,3,0,3,,,,,,,,,,,,,,,,,,,,,,,,,,,,,,,,,,,,
S.Rocca,00-0024515,no,WAS,P,,,,,,,,,,,,,,,,,,,,,,,,,,,,,,,,38,4,60,7,274,,,,,,,,,,,,,,,,,,,
C.Baker,00-0026512,no,WAS,DE,0,0,0,0,1,,,,,,,,,,,,,,,,,,,,,,,,,,,,,,,,,,,,,,,,,,,,,,,,,,
E.Biggers,00-0026945,no,WAS,FS,1,0,0,0,3,,,,,,,,,,,,,,,,,,,,,,,,,,,,,,,,,,,,,,,,,,,,,,,,,,
N.Barnett,00-0021990,no,WAS,LB,0,0,0,0,1,,,,,,,,,,,,,,,,,,,,,,,,,,,,,,,,,,,,,,,,,,,,,,,,,,
J.Gumbs,00-0029170,no,WAS,SS,0,0,0,0,1,,,,,,,,,,,,,,,,,,,,,,,,,,,,,,,,,,,,,,,,,,,,,,,,,,
D.Amerson,00-0030420,no,WAS,FS,0,0,0,0,3,,,,,,,,,,,,,,,,,,,,,,,,,,,,,,,,,,,,,,,,,,,,,,,,,,
B.Rambo,00-0030289,no,WAS,SS,1,0,0,0,8,,,,,,,,,,,,,,,,,,,,,,,,,,,,,,,,,,,,,,,,,,,,,,,,,,
L.Fletcher,00-0005322,no,WAS,ILB,1,0,0,0,5,,,,,,,,,,,,,,,,,,,,,,,,,,,,,,,,,,,,,,,,,,,,,,,,,,
D.Tapp,00-0024278,no,WAS,LB,0,0,0,0,2,,,,,,,,,,,,,,,,,,,,,,,,,,,,,,,,,,,,,,,,,,,,,,,,,,
J.Jenkins,00-0027979,no,WAS,DE,0,0,0,0,1,,,,,,,,,,,,,,,,,,,,,,,,,,,,,,,,,,,,,,,,,,,,,,,,,,
J.Wilson,00-0025442,no,WAS,CB,0,0,0,0,6,,,,,,,,,,,,,,,,,,,,,,,,,,,,,,,,,,,,,,,,,,,,,,,,,,
S.Bowen,00-0023954,no,WAS,DE,0,0,0,0,3,,,,,,,,,,,,,,,,,,,,,,,,,,,,,,,,,,,,,,,,,,,,,,,,,,
P.Riley,00-0027704,no,WAS,ILB,1,0,0,0,10,,,,,,,,,,,,,,,,,,,,,,,,,,,,,,,,,,,,,,,,,,,,,,,,,,
R.Kerrigan,00-0027954,no,WAS,OLB,0,1,0,1,2,,,,,,,,,,,,,,,,,,,,,,,,,,,,,,,,,,,,,,,,,,,,,,,,,,
J.Pugh,00-0027799,no,WAS,DB,0,0,1,0,1,,,,,,,,,,,,,,,,,,,,,,,,,,,,,,,,,,,,,,,,,,,,,,,,,,
K.Golston,00-0024410,no,WAS,DE,1,0,0,0,1,,,,,,,,,,,,,,,,,,,,,,,,,,,,,,,,,,,,,,,,,,,,,,,,,,
D.Hall,00-0022923,no,WAS,CB,0,0,2,0,4,,,,,,,,,,,,,,,,,,,,,,,,,,,,,,,,,,,,,,,,,,,,,,,,,,
R.Jackson,00-0026382,no,WAS,OLB,1,0,0,1,2,,,,,,,,,,,,,,,,,,,,,,,,,,,,,,,,,,,,,,,,,,,,,,,,,,
C.Ponder,00-0027950,yes,MIN,QB,,,,,,,,,,,,,,,,,,,,,,,,,21,14,0,0,0,0,145,,,,,,,,,,,,,,,,,,5,19,19,1,0,0,38
T.Gerhart,00-0027888,yes,MIN,RB,,,,,,,,,,,,,,,,,,,,19,19,0,1,0,,,,,,,,,,,,,,,,,,13,0,2,0,0,0,15,1,13,13,1,0,0,13
A.Peterson,00-0025394,yes,MIN,RB,,,,,,,,,,,,,,,,,,,,,,,,,,,,,,,,,,,,,,,,,,13,0,3,0,0,0,23,13,17,8,1,0,0,60
J.Carlson,00-0026178,yes,MIN,TE,,,,,,,,,,,,,,,,,,,,,,,,,,,,,,,,,,,,,,,,,,3,0,1,0,0,0,3,,,,,,,
J.Simpson,00-0026186,yes,MIN,WR,,,,,,,,,,,,,,,,,,,,,,,,,,,,,,,,,,,,,,,,,,18,0,1,0,0,0,18,,,,,,,
K.Rudolph,00-0027981,yes,MIN,TE,,,,,,,,,,,,,,,,,,,,,,,,,,,,,,,,,,,,,,,,,,17,0,4,0,0,0,51,,,,,,,
C.Patterson,00-0030578,yes,MIN,WR,,,,,,,,,,,,,,,,,,,,45,109,0,5,1,,,,,,,,,,,,,,,,,,17,0,2,0,0,0,26,,,,,,,
G.Jennings,00-0024267,yes,MIN,WR,,,,,,,,,,,,,,,,,,,,,,,,,,,,,,,,,,,,,,,,,,9,0,1,0,0,0,9,,,,,,,
B.Walsh,00-0029576,yes,MIN,K,,,,,,,,,,,1,1,36,3,4,0,4,0,4,,,,,,,,,,,,,,,,,,,,,,,,,,,,,,,,,,,,
J.Locke,00-0030405,yes,MIN,P,,,,,,,,,,,,,,,,,,,,,,,,,,,,,,,,23,1,53,4,186,,,,,,,,,,,,,,,,,,,
A.Sendejo,00-0027914,yes,MIN,FS,3,0,0,0,3,,,,,,,,,,,,,,,,,,,,,,,,,,,,,,,,,,,,,,,,,,,,,,,,,,
C.Cook,00-0027649,yes,MIN,CB,0,0,0,0,4,,,,,,,,,,,,,,,,,,,,,,,,,,,,,,,,,,,,,,,,,,,,,,,,,,
F.Evans,00-0024426,yes,MIN,DT,1,0,0,0,1,,,,,,,,,,,,,,,,,,,,,,,,,,,,,,,,,,,,,,,,,,,,,,,,,,
E.Griffen,00-0027701,yes,MIN,DE,1,0,0,0,0,,,,,,,,,,,,,,,,,,,,,,,,,,,,,,,,,,,,,,,,,,,,,,,,,,
B.Robison,00-0025489,yes,MIN,DE,2,0,0,0,2,,,,,,,,,,,,,,,,,,,,,,,,,,,,,,,,,,,,,,,,,,,,,,,,,,
J.Robinson,00-0029691,yes,MIN,CB,2,0,0,0,5,,,,,,,,,,,,,,,,,,,,,,,,,,,,,,,,,,,,,,,,,,,,,,,,,,
M.Mitchell,00-0025607,yes,MIN,OLB,3,0,0,0,2,,,,,,,,,,,,,,,,,,,,,,,,,,,,,,,,,,,,,,,,,,,,,,,,,,
C.Greenway,00-0024232,yes,MIN,OLB,1,0,0,1,6,,,,,,,,,,,,,,,,,,,,,,,,,,,,,,,,,,,,,,,,,,,,,,,,,,
R.Blanton,00-0029575,yes,MIN,DB,1,0,0,0,0,,,,,,,,,,,,,,,,,,,,,,,,,,,,,,,,,,,,,,,,,,,,,,,,,,
E.Henderson,00-0025945,yes,MIN,MLB,7,0,0,0,7,,,,,,,,,,,,,,,,,,,,,,,,,,,,,,,,,,,,,,,,,,,,,,,,,,
M.Raymond,00-0028108,yes,MIN,SS,1,0,0,0,2,,,,,,,,,,,,,,,,,,,,,,,,,,,,,,,,,,,,,,,,,,,,,,,,,,
L.Guion,00-0026292,yes,MIN,DT,3,0,0,1,3,,,,,,,,,,,,,,,,,,,,,,,,,,,,,,,,,,,,,,,,,,,,,,,,,,
K.Williams,00-0022073,yes,MIN,DT,2,0,0,0,1,,,,,,,,,,,,,,,,,,,,,,,,,,,,,,,,,,,,,,,,,,,,,,,,,,
J.Sanford,00-0026952,yes,MIN,SS,1,0,0,0,1,,,,,,,,,,,,,,,,,,,,,,,,,,,,,,,,,,,,,,,,,,,,,,,,,,
X.Rhodes,00-0030575,yes,MIN,CB,0,0,0,0,7,,,,,,,,,,,,,,,,,,,,,,,,,,,,,,,,,,,,,,,,,,,,,,,,,,
A.Jefferson,00-0027350,yes,MIN,,0,0,0,0,2,,,,,,,,,,,,,,,,,,,,,,,,,,,,,,,,,,,,,,,,,,,,,,,,,,
A.Rodgers,00-0023459,no,GB,QB,,,,,,,,,,,,,,,,,,,,,,,,,29,24,0,2,0,0,285,,,,,,,,,,,,,,,,,,6,14,0,0,0,0,31
J.Starks,00-0027791,no,GB,RB,,,,,,,,,,,,,,,,,,,,,,,,,,,,,,,,,,,,,,,,,,,,,,,,,7,25,25,1,0,0,57
E.Lacy,00-0030485,no,GB,RB,,,,,,,,,,,,,,,,,,,,,,,,,,,,,,,,,,,,,,,,,,9,0,4,0,0,0,18,29,17,1,1,0,0,94
M.White,00-0030274,no,GB,WR,,,,,,,,,,,,,,,,,,,,,,,,,,,,,,,,,,,,,,,,,,15,0,5,0,0,0,35,,,,,,,
J.Nelson,00-0026176,no,GB,WR,,,,,,,,,,,,,,,,,,,,0,0,0,1,0,,,,,,,,,,,,,,,,,,76,76,7,2,0,0,123,,,,,,,
J.Kuhn,00-0022999,no,GB,FB,,,,,,,,,,,,,,,,,,,,,,,,,,,,,,,,,,,,,,,,,,7,0,1,0,0,0,7,,,,,,,
A.Quarless,00-0027753,no,GB,TE,,,,,,,,,,,,,,,,,,,,,,,,,,,,,,,,,,,,,,,,,,8,0,2,0,0,0,13,,,,,,,
J.Boykin,00-0029051,no,GB,WR,,,,,,,,,,,,,,,,,,,,,,,,,,,,,,,,,,,,,,,,,,27,0,5,0,0,0,89,,,,,,,
M.Crosby,00-0025580,no,GB,K,,,,,,,,,,,3,3,45,9,5,0,5,0,5,,,,,,,,,,,,,,,,,,,,,,,,,,,,,,,,,,,,
J.Franklin,00-0030078,no,GB,RB,,,,,,,,,,,,,,,,,,,,17,18,0,2,0,,,,,,,,,,,,,,,,,,,,,,,,,,,,,,,
M.Hyde,00-0030090,no,GB,CB,2,0,0,0,3,,,,,,,,,,,,,,,,,,,,,,,,,,,,,,,,46,93,93,2,1,,,,,,,,,,,,,,
C.Hayward,00-0029261,no,GB,CB,1,0,0,0,0,,,,,,,,,,,,,,,,,,,,,,,,,,,,,,,,,,,,,,,,,,,,,,,,,,
A.Hawk,00-0024220,no,GB,ILB,3,0,0,0,2,,,,,,,,,,,,,,,,,,,,,,,,,,,,,,,,,,,,,,,,,,,,,,,,,,
M.Neal,00-0027664,no,GB,OLB,0,0,0,0,2,,,,,,,,,,,,,,,,,,,,,,,,,,,,,,,,,,,,,,,,,,,,,,,,,,
A.Mulumba,00-0030131,no,GB,OLB,0,0,0,0,1,,,,,,,,,,,,,,,,,,,,,,,,,,,,,,,,,,,,,,,,,,,,,,,,,,
J.Jolly,00-0024397,no,GB,DE,1,0,0,0,0,,,,,,,,,,,,,,,,,,,,,,,,,,,,,,,,,,,,,,,,,,,,,,,,,,
J.Lattimore,00-0028600,no,GB,ILB,1,0,0,1,2,,,,,,,,,,,,,,,,,,,,,,,,,,,,,,,,,,,,,,,,,,,,,,,,,,
B.Raji,00-0026985,no,GB,DE,0,0,0,0,1,,,,,,,,,,,,,,,,,,,,,,,,,,,,,,,,,,,,,,,,,,,,,,,,,,
M.Jennings,00-0028598,no,GB,FS,0,0,0,0,2,,,,,,,,,,,,,,,,,,,,,,,,,,,,,,,,,,,,,,,,,,,,,,,,,,
S.Shields,00-0027440,no,GB,CB,1,0,0,0,2,,,,,,,,,,,,,,,,,,,,,,,,,,,,,,,,,,,,,,,,,,,,,,,,,,
M.Burnett,00-0027676,no,GB,SS,3,0,0,0,5,,,,,,,,,,,,,,,,,,,,,,,,,,,,,,,,,,,,,,,,,,,,,,,,,,
T.Williams,00-0024061,no,GB,CB,1,0,0,0,1,,,,,,,,,,,,,,,,,,,,,,,,,,,,,,,,,,,,,,,,,,,,,,,,,,
M.Daniels,00-0029284,no,GB,DE,0,0,0,2,3,,,,,,,,,,,,,,,,,,,,,,,,,,,,,,,,,,,,,,,,,,,,,,,,,,
R.Pickett,00-0020515,no,GB,NT,1,0,0,0,1,,,,,,,,,,,,,,,,,,,,,,,,,,,,,,,,,,,,,,,,,,,,,,,,,,
K.Clemens,00-0024264,yes,STL,QB,,,,,,0,0,1,0,0,,,,,,,,,,,,,,,31,15,2,0,0,0,158,,,,,,,,,,,,,,,,,,2,6,0,0,0,0,11
C.Givens,00-0029614,yes,STL,WR,,,,,,,,,,,,,,,,,,,,,,,,,,,,,,,,,,,,,,,,,,23,0,4,0,0,0,59,1,16,0,0,0,0,16
Z.Stacy,00-0030536,yes,STL,RB,,,,,,,,,,,,,,,,,,,,,,,,,,,,,,,,,,,,,,,,,,-5,0,1,0,0,0,-5,26,18,0,0,0,0,134
D.Richardson,00-0029612,yes,STL,RB,,,,,,,,,,,,,,,,,,,,,,,,,,,,,,,,,,,,,,,,,,8,0,1,0,0,0,8,8,14,0,0,0,0,39
T.Austin,00-0030525,yes,STL,WR,,,,,,,,,,,,,,,,,,,,26,32,0,3,0,,,,,,,,,,,,,2,7,0,3,0,12,0,2,0,0,0,9,,,,,,,
L.Kendricks,00-0027985,yes,STL,TE,,,,,,,,,,,,,,,,,,,,,,,,,,,,,,,,,,,,,,,,,,18,0,2,0,0,0,23,,,,,,,
J.Cook,00-0027061,yes,STL,TE,,,,,,,,,,,,,,,,,,,,,,,,,,,,,,,,,,,,,,,,,,19,0,3,0,0,0,31,,,,,,,
A.Pettis,00-0028016,yes,STL,WR,,,,,,,,,,,,,,,,,,,,,,,,,,,,,,,,,,,,,,,,,,26,0,2,0,0,0,33,,,,,,,
G.Zuerlein,00-0029621,yes,STL,K,,,,,,,,,,,4,3,33,9,0,0,0,0,0,,,,,,,,,,,,,,,,,,,,,,,,,,,,,,,,,,,,
J.Hekker,00-0028872,yes,STL,P,,,,,,,,,,,,,,,,,,,,,,,,,,,,,,,,43,2,55,4,182,,,,,,,,,,,,,,,,,,,
C.Reynolds,00-0028795,yes,STL,RB,,,,,,,,,,,,,,,,,,,,,,,,,,,,,,,,,,,,,0,0,0,1,0,,,,,,,,,,,,,,
K.Langford,00-0026206,yes,STL,DT,1,0,0,0,2,,,,,,,,,,,,,,,,,,,,,,,,,,,,,,,,,,,,,,,,,,,,,,,,,,
A.Ogletree,00-0030527,yes,STL,OLB,0,0,0,0,2,,,,,,,,,,,,,,,,,,,,,,,,,,,,,,,,,,,,,,,,,,,,,,,,,,
J.Laurinaitis,00-0027011,yes,STL,MLB,1,0,0,0,2,,,,,,,,,,,,,,,,,,,,,,,,,,,,,,,,,,,,,,,,,,,,,,,,,,
T.Johnson,00-0029690,yes,STL,CB,0,0,0,0,2,,,,,,,,,,,,,,,,,,,,,,,,,,,,,,,,,,,,,,,,,,,,,,,,,,
C.Long,00-0026142,yes,STL,DE,0,0,0,3,4,,,,,,,,,,,,,,,,,,,,,,,,,,,,,,,,,,,,,,,,,,,,,,,,,,
J.Jenkins,00-0029681,yes,STL,CB,1,0,0,0,3,,,,,,,,,,,,,,,,,,,,,,,,,,,,,,,,,,,,,,,,,,,,,,,,,,
R.McLeod,00-0028899,yes,STL,FS,0,0,0,0,2,,,,,,,,,,,,,,,,,,,,,,,,,,,,,,,,,,,,,,,,,,,,,,,,,,
R.Quinn,00-0027952,yes,STL,DE,0,0,0,3,5,,,,,,,,,,,,,,,,,,,,,,,,,,,,,,,,,,,,,,,,,,,,,,,,,,
J.Dunbar,00-0025838,yes,STL,OLB,0,0,0,0,1,,,,,,,,,,,,,,,,,,,,,,,,,,,,,,,,,,,,,,,,,,,,,,,,,,
E.Sims,00-0027787,yes,STL,DE,1,0,0,0,0,,,,,,,,,,,,,,,,,,,,,,,,,,,,,,,,,,,,,,,,,,,,,,,,,,
M.Brockers,00-0029630,yes,STL,DT,0,0,0,0,1,,,,,,,,,,,,,,,,,,,,,,,,,,,,,,,,,,,,,,,,,,,,,,,,,,
W.Hayes,00-0026243,yes,STL,DE,0,0,0,1,2,,,,,,,,,,,,,,,,,,,,,,,,,,,,,,,,,,,,,,,,,,,,,,,,,,
D.Stewart,00-0027256,yes,STL,SS,0,0,0,0,2,,,,,,,,,,,,,,,,,,,,,,,,,,,,,,,,,,,,,,,,,,,,,,,,,,
R.Wilson,00-0029263,no,SEA,QB,,,,,,,,,,,,,,,,,,,,,,,,,18,10,0,2,0,0,139,,,,,,,,,,,,,,,,,,3,17,0,0,0,0,16
M.Lynch,00-0025399,no,SEA,RB,,,,,,,,,,,,,,,,,,,,,,,,,,,,,,,,,,,,,,,,,,4,0,1,0,0,0,4,8,9,0,0,0,0,23
M.Robinson,00-0024315,no,SEA,FB,,,,,,,,,,,,,,,,,,,,,,,,,,,,,,,,,,,,,,,,,,,,,,,,,1,0,0,0,0,0,0
R.Turbin,00-0029273,no,SEA,RB,,,,,,,,,,,,,,,,,,,,,,,,,,,,,,,,,,,,,,,,,,16,0,1,0,0,0,16,3,3,0,0,0,0,5
G.Tate,00-0027891,no,SEA,WR,,,,,,,,,,,,,,,,,,,,,,,,,,,,,,,,,,,,,4,9,0,2,0,80,80,5,2,0,0,93,,,,,,,
Z.Miller,00-0025425,no,SEA,TE,,,,,,,,,,,,,,,,,,,,,,,,,,,,,,,,,,,,,,,,,,8,0,2,0,0,0,14,,,,,,,
D.Baldwin,00-0028434,no,SEA,WR,,,,,,,,,,,,,,,,,,,,,,,,,,,,,,,,,,,,,,,,,,12,0,1,0,0,0,12,,,,,,,
S.Hauschka,00-0025944,no,SEA,K,,,,,,,,,,,0,0,0,0,2,0,2,0,2,,,,,,,,,,,,,,,,,,,,,,,,,,,,,,,,,,,,
J.Ryan,00-0023742,no,SEA,P,,,,,,,,,,,,,,,,,,,,,,,,,,,,,,,,44,4,51,9,403,,,,,,,,,,,,,,,,,,,
T.McDaniel,00-0024102,no,SEA,DT,0,0,0,0,5,,,,,,,,,,,,,,,,,,,,,,,,,,,,,,,,,,,,,,,,,,,,,,,,,,
K.Wright,00-0028037,no,SEA,OLB,0,0,0,0,5,,,,,,,,,,,,,,,,,,,,,,,,,,,,,,,,,,,,,,,,,,,,,,,,,,
R.Sherman,00-0028092,no,SEA,CB,0,0,1,0,3,,,,,,,,,,,,,,,,,,,,,,,,,,,,,,,,,,,,,,,,,,,,,,,,,,
K.Chancellor,00-0027733,no,SEA,SS,0,0,0,0,3,,,,,,,,,,,,,,,,,,,,,,,,,,,,,,,,,,,,,,,,,,,,,,,,,,
R.Bryant,00-0026261,no,SEA,DE,0,0,0,0,1,,,,,,,,,,,,,,,,,,,,,,,,,,,,,,,,,,,,,,,,,,,,,,,,,,
C.McDonald,00-0026964,no,SEA,DT,0,0,0,0,2,,,,,,,,,,,,,,,,,,,,,,,,,,,,,,,,,,,,,,,,,,,,,,,,,,
B.Browner,00-0023013,no,SEA,CB,0,0,0,0,2,,,,,,,,,,,,,,,,,,,,,,,,,,,,,,,,,,,,,,,,,,,,,,,,,,
C.Avril,00-0026232,no,SEA,DE,0,0,0,1,1,,,,,,,,,,,,,,,,,,,,,,,,,,,,,,,,,,,,,,,,,,,,,,,,,,
B.Mebane,00-0025472,no,SEA,DT,0,0,0,0,4,,,,,,,,,,,,,,,,,,,,,,,,,,,,,,,,,,,,,,,,,,,,,,,,,,
H.Farwell,00-0023215,no,SEA,LB,0,0,0,0,1,,,,,,,,,,,,,,,,,,,,,,,,,,,,,,,,,,,,,,,,,,,,,,,,,,
M.Smith,00-0028180,no,SEA,OLB,0,0,0,0,1,,,,,,,,,,,,,,,,,,,,,,,,,,,,,,,,,,,,,,,,,,,,,,,,,,
B.Irvin,00-0029193,no,SEA,OLB,1,1,1,1,8,,,,,,,,,,,,,,,,,,,,,,,,,,,,,,,,,,,,,,,,,,,,,,,,,,
C.Clemons,00-0021577,no,SEA,DE,0,0,0,0,1,,,,,,,,,,,,,,,,,,,,,,,,,,,,,,,,,,,,,,,,,,,,,,,,,,
E.Thomas,00-0027866,no,SEA,FS,0,0,0,0,10,,,,,,,,,,,,,,,,,,,,,,,,,,,,,,,,,,,,,,,,,,,,,,,,,,
W.Thurmond,00-0027711,no,SEA,CB,0,0,0,1,2,,,,,,,,,,,,,,,,,,,,,,,,,,,,,,,,,,,,,,,,,,,,,,,,,,
B.Wagner,00-0029255,no,SEA,MLB,1,0,0,0,5,,,,,,,,,,,,,,,,,,,,,,,,,,,,,,,,,,,,,,,,,,,,,,,,,,
